PopGte5y_LvngMSAPMSA2000_DiffHouse1995_InUS1995_SameMSAPMSA1995_CentCity	72
PopGte5y_LvngMSAPMSA2000_DiffHouse1995_InUS1995_SameMSAPMSA1995_RemThisMSAPMSA	78
PopGte5y_LvngMSAPMSA2000_DiffHouse1995_InUS1995_DiffMSAPMSA1995_CentCity	72
PopGte5y_LvngMSAPMSA2000_DiffHouse1995_InUS1995_DiffMSAPMSA1995_RemDiffMSAPMSA	78
PopGte5y_LvngMSAPMSA2000_DiffHouse1995_PRico1995_SameMSAPMSA1995_CentCity	73
PopGte5y_LvngMSAPMSA2000_DiffHouse1995_PRico1995_SameMSAPMSA1995_RemThisMSAPMSA	79
PopGte5y_LvngMSAPMSA2000_DiffHouse1995_PRico1995_DiffMSAPMSA1995_CentCity	73
PopGte5y_LvngMSAPMSA2000_DiffHouse1995_PRico1995_DiffMSAPMSA1995_RemDiffMSAPMSA	79
PopGte5y_NotLivMSAPMSA2000_DiffHouse1995_InUS1995_InMSAPMSA1995_CentCity	72
PopGte5y_NotLivMSAPMSA2000_DiffHouse1995_InUS1995_InMSAPMSA1995_RemMSAPMSA	74
PopGte5y_NotLivMSAPMSA2000_DiffHouse1995_PRico1995_InMSAPMSA1995_CentCity	73
PopGte5y_NotLivMSAPMSA2000_DiffHouse1995_PRico1995_InMSAPMSA1995_RemMSAPMSA	75
PopGte5y_NotLivMSAPMSA2000_DiffHouse1995_PRico1995_NotMSAPMSA1995	65
WrkrsGte16y_LvngMSAPMSA_LvngCentCity_WrkdMSAPMSAres_RemThisMSAPMSA	66
WrkrsGte16y_LvngMSAPMSA_LvngCentCity_WrkdOutMSAPMSAres_WrkdDiffMSAPMSA	70
WrkrsGte16y_LvngMSAPMSA_LvngCentCity_WrkdOutMSAPMSAres_WrkdDiffMSAPMSA_CentCity	79
WrkrsGte16y_LvngMSAPMSA_LvngCentCity_WrkdOutMSAPMSAres_WrkdDiffMSAPMSA_RemDiffMSAPMSA	85
WrkrsGte16y_LvngMSAPMSA_LvngCentCity_WrkdOutMSAPMSAres_WrkdOutAnyMSAPMSA	72
WrkrsGte16y_LvngMSAPMSA_LvngRemainMSAPMSA_WrkdMSAPMSAres_CentCity	65
WrkrsGte16y_LvngMSAPMSA_LvngRemainMSAPMSA_WrkdMSAPMSAres_RemThisMSAPMSA	71
WrkrsGte16y_LvngMSAPMSA_LvngRemainMSAPMSA_WrkdOutMSAPMSAres_WrkdDiffMSAPMSA	75
WrkrsGte16y_LvngMSAPMSA_LvngRemainMSAPMSA_WrkdOutMSAPMSAres_WrkdDiffMSAPMSA_CentCity	84
WrkrsGte16y_LvngMSAPMSA_LvngRemainMSAPMSA_WrkdOutMSAPMSAres_WrkdDiffMSAPMSA_RemDiffMSAPMSA	90
WrkrsGte16y_LvngMSAPMSA_LvngRemainMSAPMSA_WrkdOutMSAPMSAres_WrkdOutAnyMSAPMSA	77
CivVetGte18y_Aug1990orLat_NoVietEraServ_SrvdSept1980LaterOn_SrvdLt2y	68
CivVetGte18y_Aug1990orLat_NoVietEraServ_SrvdSept1980LaterOn_SrvdGte2y	69
Fam_MarriedCplFam_HusbLaborFor_EmplOrArmFor_WifeLaborFor_EmplOrArmFor	69
EmplCivGtePop16y_Male_MgmtProRel_ProfRelOcc_HlthCarePractTechOcc_Occ025	71
EmplCivGtePop16y_Male_MgmtProRel_ProfRelOcc_HlthCarePractTechOcc_Occ026	71
EmplCivGtePop16y_Fem_MgmtProRel_ProfRelOcc_HlthCarePractTechOcc_Occ025	70
EmplCivGtePop16y_Fem_MgmtProRel_ProfRelOcc_HlthCarePractTechOcc_Occ026	70
EmplCivGtePop16y_Male_AllIndExcAgForFishHuntMin_PrivProfWageSalWork	67
EmplCivGtePop16y_Male_AllIndExcAgForFishHuntMin_PrivProfWageSalWork_EmplPrivComp	80
EmplCivGtePop16y_Male_AllIndExcAgForFishHuntMin_PrivProfWageSalWork_SelfEmplOwnIncBus	85
EmplCivGtePop16y_Male_AllIndExcAgForFishHuntMin_SelfEmplWrkrsOwnNotIncBus	73
EmplCivGtePop16y_Male_AgForFishHuntMin_AgForFishHunt_PrivProfWageSalWork	72
EmplCivGtePop16y_Male_AgForFishHuntMin_AgForFishHunt_PrivProfWageSalWork_EmplPrivComp	85
EmplCivGtePop16y_Male_AgForFishHuntMin_AgForFishHunt_PrivProfWageSalWork_SelfEmplOwnIncBus	90
EmplCivGtePop16y_Male_AgForFishHuntMin_AgForFishHunt_SelfEmplWrkrsOwnNotIncBus	78
EmplCivGtePop16y_Male_AgForFishHuntMin_AgForFishHunt_UnpaidFamWrkr	66
EmplCivGtePop16y_Male_AgForFishHuntMin_Mining_PrivProfWageSalWork	65
EmplCivGtePop16y_Male_AgForFishHuntMin_Mining_PrivProfWageSalWork_EmplPrivComp	78
EmplCivGtePop16y_Male_AgForFishHuntMin_Mining_PrivProfWageSalWork_SelfEmplOwnIncBus	83
EmplCivGtePop16y_Male_AgForFishHuntMin_Mining_SelfEmplWrkrsOwnNotIncBus	71
EmplCivGtePop16y_Fem_AllIndExcAgForFishHuntMin_PrivProfWageSalWork	66
EmplCivGtePop16y_Fem_AllIndExcAgForFishHuntMin_PrivProfWageSalWork_EmplPrivComp	79
EmplCivGtePop16y_Fem_AllIndExcAgForFishHuntMin_PrivProfWageSalWork_SelfEmplOwnIncBus	84
EmplCivGtePop16y_Fem_AllIndExcAgForFishHuntMin_SelfEmplWrkrsOwnNotIncBus	72
EmplCivGtePop16y_Fem_AgForFishHuntMin_AgForFishHunt_PrivProfWageSalWork	71
EmplCivGtePop16y_Fem_AgForFishHuntMin_AgForFishHunt_PrivProfWageSalWork_EmplPrivComp	84
EmplCivGtePop16y_Fem_AgForFishHuntMin_AgForFishHunt_PrivProfWageSalWork_SelfEmplOwnIncBus	89
EmplCivGtePop16y_Fem_AgForFishHuntMin_AgForFishHunt_SelfEmplWrkrsOwnNotIncBus	77
EmplCivGtePop16y_Fem_AgForFishHuntMin_AgForFishHunt_UnpaidFamWrkr	65
EmplCivGtePop16y_Fem_AgForFishHuntMin_Mining_PrivProfWageSalWork_EmplPrivComp	77
EmplCivGtePop16y_Fem_AgForFishHuntMin_Mining_PrivProfWageSalWork_SelfEmplOwnIncBus	82
EmplCivGtePop16y_Fem_AgForFishHuntMin_Mining_SelfEmplWrkrsOwnNotIncBus	70
Fam_Inc1999LtPovLev_OthFam_MaleHhNoWife_WthRelChldLt18y_Lt5yand5to17y	69
Fam_Inc1999LtPovLev_OthFam_MaleHhNoWife_WthRelChldLt18y_5to17yOnly	66
Fam_Inc1999LtPovLev_OthFam_FemHhNoHusb_WthRelChldLt18y_Lt5yand5to17y	68
Fam_Inc1999LtPovLev_OthFam_FemHhNoHusb_WthRelChldLt18y_5to17yOnly	65
Fam_Inc1999GtePovLev_OthFam_MaleHhNoWife_WthRelChldLt18y_Lt5yOnly	65
Fam_Inc1999GtePovLev_OthFam_MaleHhNoWife_WthRelChldLt18y_Lt5yand5to17y	70
Fam_Inc1999GtePovLev_OthFam_MaleHhNoWife_WthRelChldLt18y_5to17yOnly	67
Fam_Inc1999GtePovLev_OthFam_FemHhNoHusb_WthRelChldLt18y_Lt5yand5to17y	69
Fam_Inc1999GtePovLev_OthFam_FemHhNoHusb_WthRelChldLt18y_5to17yOnly	66
PopGte30yHH_LvngWOwnGrdCldLt18y_GndPrntRespOwnGndChildLt18y_NotImp_Imp	70
PopGte30yHH_LvngWOwnGrdCldLt18y_GndPrntRespOwnGndChildLt18y_NotImp_NotImp	73
PopGte5y_SpkOthLang_GndPrntNotRespOwnGndChildLt18y_Imp_LangStatImp	66
PopGte5y_SpkOthLang_GndPrntNotRespOwnGndChildLt18y_Imp_LangStatNotImp	69
HHwithHhWhtAln_Hh15to64y_FamHH_OthFam_MaleHhNoWife_WthOwnChldLt18y	66
HHwithHhWhtAln_Hh15to64y_FamHH_OthFam_MaleHhNoWife_NoOwnChldLt18y	65
HHwithHhWhtAln_Hh15to64y_FamHH_OthFam_FemHhNoHusb_WthOwnChldLt18y	65
HHwithHhWhtAln_HhGte65y_FamHH_OthFam_MaleHhNoWife_WthOwnChldLt18y	65
HHwithHhBlkAfAmerAln_Hh15to64y_FamHH_MarriedCplFam_WthOwnChldLt18y	66
HHwithHhBlkAfAmerAln_Hh15to64y_FamHH_MarriedCplFam_NoOwnChldLt18y	65
HHwithHhBlkAfAmerAln_Hh15to64y_FamHH_OthFam_MaleHhNoWife_WthOwnChldLt18y	72
HHwithHhBlkAfAmerAln_Hh15to64y_FamHH_OthFam_MaleHhNoWife_NoOwnChldLt18y	71
HHwithHhBlkAfAmerAln_Hh15to64y_FamHH_OthFam_FemHhNoHusb_WthOwnChldLt18y	71
HHwithHhBlkAfAmerAln_Hh15to64y_FamHH_OthFam_FemHhNoHusb_NoOwnChldLt18y	70
HHwithHhBlkAfAmerAln_HhGte65y_FamHH_MarriedCplFam_WthOwnChldLt18y	65
HHwithHhBlkAfAmerAln_HhGte65y_FamHH_OthFam_MaleHhNoWife_WthOwnChldLt18y	71
HHwithHhBlkAfAmerAln_HhGte65y_FamHH_OthFam_MaleHhNoWife_NoOwnChldLt18y	70
HHwithHhBlkAfAmerAln_HhGte65y_FamHH_OthFam_FemHhNoHusb_WthOwnChldLt18y	70
HHwithHhBlkAfAmerAln_HhGte65y_FamHH_OthFam_FemHhNoHusb_NoOwnChldLt18y	69
HHwithHhAmIndAkNatAln_Hh15to64y_FamHH_MarriedCplFam_WthOwnChldLt18y	67
HHwithHhAmIndAkNatAln_Hh15to64y_FamHH_MarriedCplFam_NoOwnChldLt18y	66
HHwithHhAmIndAkNatAln_Hh15to64y_FamHH_OthFam_MaleHhNoWife_WthOwnChldLt18y	73
HHwithHhAmIndAkNatAln_Hh15to64y_FamHH_OthFam_MaleHhNoWife_NoOwnChldLt18y	72
HHwithHhAmIndAkNatAln_Hh15to64y_FamHH_OthFam_FemHhNoHusb_WthOwnChldLt18y	72
HHwithHhAmIndAkNatAln_Hh15to64y_FamHH_OthFam_FemHhNoHusb_NoOwnChldLt18y	71
HHwithHhAmIndAkNatAln_HhGte65y_FamHH_MarriedCplFam_WthOwnChldLt18y	66
HHwithHhAmIndAkNatAln_HhGte65y_FamHH_MarriedCplFam_NoOwnChldLt18y	65
HHwithHhAmIndAkNatAln_HhGte65y_FamHH_OthFam_MaleHhNoWife_WthOwnChldLt18y	72
HHwithHhAmIndAkNatAln_HhGte65y_FamHH_OthFam_MaleHhNoWife_NoOwnChldLt18y	71
HHwithHhAmIndAkNatAln_HhGte65y_FamHH_OthFam_FemHhNoHusb_WthOwnChldLt18y	71
HHwithHhAmIndAkNatAln_HhGte65y_FamHH_OthFam_FemHhNoHusb_NoOwnChldLt18y	70
HHwithHhAsnAln_Hh15to64y_FamHH_OthFam_MaleHhNoWife_WthOwnChldLt18y	66
HHwithHhAsnAln_Hh15to64y_FamHH_OthFam_MaleHhNoWife_NoOwnChldLt18y	65
HHwithHhAsnAln_Hh15to64y_FamHH_OthFam_FemHhNoHusb_WthOwnChldLt18y	65
HHwithHhAsnAln_HhGte65y_FamHH_OthFam_MaleHhNoWife_WthOwnChldLt18y	65
HHwithHhNatHiPacIslAln_Hh15to64y_FamHH_MarriedCplFam_WthOwnChldLt18y	68
HHwithHhNatHiPacIslAln_Hh15to64y_FamHH_MarriedCplFam_NoOwnChldLt18y	67
HHwithHhNatHiPacIslAln_Hh15to64y_FamHH_OthFam_MaleHhNoWife_WthOwnChldLt18y	74
HHwithHhNatHiPacIslAln_Hh15to64y_FamHH_OthFam_MaleHhNoWife_NoOwnChldLt18y	73
HHwithHhNatHiPacIslAln_Hh15to64y_FamHH_OthFam_FemHhNoHusb_WthOwnChldLt18y	73
HHwithHhNatHiPacIslAln_Hh15to64y_FamHH_OthFam_FemHhNoHusb_NoOwnChldLt18y	72
HHwithHhNatHiPacIslAln_HhGte65y_FamHH_MarriedCplFam_WthOwnChldLt18y	67
HHwithHhNatHiPacIslAln_HhGte65y_FamHH_MarriedCplFam_NoOwnChldLt18y	66
HHwithHhNatHiPacIslAln_HhGte65y_FamHH_OthFam_MaleHhNoWife_WthOwnChldLt18y	73
HHwithHhNatHiPacIslAln_HhGte65y_FamHH_OthFam_MaleHhNoWife_NoOwnChldLt18y	72
HHwithHhNatHiPacIslAln_HhGte65y_FamHH_OthFam_FemHhNoHusb_WthOwnChldLt18y	72
HHwithHhNatHiPacIslAln_HhGte65y_FamHH_OthFam_FemHhNoHusb_NoOwnChldLt18y	71
HHwithHhSomeOthRaceAln_Hh15to64y_FamHH_MarriedCplFam_WthOwnChldLt18y	68
HHwithHhSomeOthRaceAln_Hh15to64y_FamHH_MarriedCplFam_NoOwnChldLt18y	67
HHwithHhSomeOthRaceAln_Hh15to64y_FamHH_OthFam_MaleHhNoWife_WthOwnChldLt18y	74
HHwithHhSomeOthRaceAln_Hh15to64y_FamHH_OthFam_MaleHhNoWife_NoOwnChldLt18y	73
HHwithHhSomeOthRaceAln_Hh15to64y_FamHH_OthFam_FemHhNoHusb_WthOwnChldLt18y	73
HHwithHhSomeOthRaceAln_Hh15to64y_FamHH_OthFam_FemHhNoHusb_NoOwnChldLt18y	72
HHwithHhSomeOthRaceAln_HhGte65y_FamHH_MarriedCplFam_WthOwnChldLt18y	67
HHwithHhSomeOthRaceAln_HhGte65y_FamHH_MarriedCplFam_NoOwnChldLt18y	66
HHwithHhSomeOthRaceAln_HhGte65y_FamHH_OthFam_MaleHhNoWife_WthOwnChldLt18y	73
HHwithHhSomeOthRaceAln_HhGte65y_FamHH_OthFam_MaleHhNoWife_NoOwnChldLt18y	72
HHwithHhSomeOthRaceAln_HhGte65y_FamHH_OthFam_FemHhNoHusb_WthOwnChldLt18y	72
HHwithHhSomeOthRaceAln_HhGte65y_FamHH_OthFam_FemHhNoHusb_NoOwnChldLt18y	71
HHwithHhGte2races_Hh15to64y_FamHH_OthFam_MaleHhNoWife_WthOwnChldLt18y	69
HHwithHhGte2races_Hh15to64y_FamHH_OthFam_MaleHhNoWife_NoOwnChldLt18y	68
HHwithHhGte2races_Hh15to64y_FamHH_OthFam_FemHhNoHusb_WthOwnChldLt18y	68
HHwithHhGte2races_Hh15to64y_FamHH_OthFam_FemHhNoHusb_NoOwnChldLt18y	67
HHwithHhGte2races_HhGte65y_FamHH_OthFam_MaleHhNoWife_WthOwnChldLt18y	68
HHwithHhGte2races_HhGte65y_FamHH_OthFam_MaleHhNoWife_NoOwnChldLt18y	67
HHwithHhGte2races_HhGte65y_FamHH_OthFam_FemHhNoHusb_WthOwnChldLt18y	67
HHwithHhGte2races_HhGte65y_FamHH_OthFam_FemHhNoHusb_NoOwnChldLt18y	66
HHwithHhHispLat_Hh15to64y_FamHH_OthFam_MaleHhNoWife_WthOwnChldLt18y	67
HHwithHhHispLat_Hh15to64y_FamHH_OthFam_MaleHhNoWife_NoOwnChldLt18y	66
HHwithHhHispLat_Hh15to64y_FamHH_OthFam_FemHhNoHusb_WthOwnChldLt18y	66
HHwithHhHispLat_Hh15to64y_FamHH_OthFam_FemHhNoHusb_NoOwnChldLt18y	65
HHwithHhHispLat_HhGte65y_FamHH_OthFam_MaleHhNoWife_WthOwnChldLt18y	66
HHwithHhHispLat_HhGte65y_FamHH_OthFam_MaleHhNoWife_NoOwnChldLt18y	65
HHwithHhHispLat_HhGte65y_FamHH_OthFam_FemHhNoHusb_WthOwnChldLt18y	65
HHwithHhWhtAlnNotHispLat_Hh15to64y_FamHH_MarriedCplFam_WthOwnChldLt18y	70
HHwithHhWhtAlnNotHispLat_Hh15to64y_FamHH_MarriedCplFam_NoOwnChldLt18y	69
HHwithHhWhtAlnNotHispLat_Hh15to64y_FamHH_OthFam_MaleHhNoWife_WthOwnChldLt18y	76
HHwithHhWhtAlnNotHispLat_Hh15to64y_FamHH_OthFam_MaleHhNoWife_NoOwnChldLt18y	75
HHwithHhWhtAlnNotHispLat_Hh15to64y_FamHH_OthFam_FemHhNoHusb_WthOwnChldLt18y	75
HHwithHhWhtAlnNotHispLat_Hh15to64y_FamHH_OthFam_FemHhNoHusb_NoOwnChldLt18y	74
HHwithHhWhtAlnNotHispLat_HhGte65y_FamHH_MarriedCplFam_WthOwnChldLt18y	69
HHwithHhWhtAlnNotHispLat_HhGte65y_FamHH_MarriedCplFam_NoOwnChldLt18y	68
HHwithHhWhtAlnNotHispLat_HhGte65y_FamHH_OthFam_MaleHhNoWife_WthOwnChldLt18y	75
HHwithHhWhtAlnNotHispLat_HhGte65y_FamHH_OthFam_MaleHhNoWife_NoOwnChldLt18y	74
HHwithHhWhtAlnNotHispLat_HhGte65y_FamHH_OthFam_FemHhNoHusb_WthOwnChldLt18y	74
HHwithHhWhtAlnNotHispLat_HhGte65y_FamHH_OthFam_FemHhNoHusb_NoOwnChldLt18y	73
BlkAfAmerAlnPop16to19y_Civ_NotEnrldSchl_NotHighSchlGrad_NotLaborFor	67
AmIndAkNatAlnPop16to19y_Civ_NotEnrldSchl_NotHighSchlGrad_NotLaborFor	68
NatHiPacIslAlnPop16to19y_Civ_NotEnrldSchl_HighSchGrad_NotLaborFor	65
NatHiPacIslAlnPop16to19y_Civ_NotEnrldSchl_NotHighSchlGrad_NotLaborFor	69
SmeOthRaceAlnPop16to19y_Civ_NotEnrldSchl_NotHighSchlGrad_NotLaborFor	68
WhtAlnNotHispLatPop16to19y_Civ_NotEnrldSchl_HighSchGrad_NotLaborFor	67
WhtAlnNotHispLatPop16to19y_Civ_NotEnrldSchl_NotHighSchlGrad_Unempl	66
WhtAlnNotHispLatPop16to19y_Civ_NotEnrldSchl_NotHighSchlGrad_NotLaborFor	71
FamWHhWhtAln_Inc1999LtPovLev_MarriedCplFam_WthRelChldLt18y_Lt5yOnly	67
FamWHhWhtAln_Inc1999LtPovLev_MarriedCplFam_WthRelChldLt18y_Lt5yand5to17y	72
FamWHhWhtAln_Inc1999LtPovLev_MarriedCplFam_WthRelChldLt18y_5to17yOnly	69
FamWHhWhtAln_Inc1999LtPovLev_OthFam_MaleHhNoWife_WthRelChldLt18y_Lt5yOnly	73
FamWHhWhtAln_Inc1999LtPovLev_OthFam_MaleHhNoWife_WthRelChldLt18y_Lt5yand5to17y	78
FamWHhWhtAln_Inc1999LtPovLev_OthFam_MaleHhNoWife_WthRelChldLt18y_5to17yOnly	75
FamWHhWhtAln_Inc1999LtPovLev_OthFam_FemHhNoHusb_WthRelChldLt18y_Lt5yOnly	72
FamWHhWhtAln_Inc1999LtPovLev_OthFam_FemHhNoHusb_WthRelChldLt18y_Lt5yand5to17y	77
FamWHhWhtAln_Inc1999LtPovLev_OthFam_FemHhNoHusb_WthRelChldLt18y_5to17yOnly	74
FamWHhWhtAln_Inc1999GtePovLev_MarriedCplFam_WthRelChldLt18y_Lt5yOnly	68
FamWHhWhtAln_Inc1999GtePovLev_MarriedCplFam_WthRelChldLt18y_Lt5yand5to17y	73
FamWHhWhtAln_Inc1999GtePovLev_MarriedCplFam_WthRelChldLt18y_5to17yOnly	70
FamWHhWhtAln_Inc1999GtePovLev_OthFam_MaleHhNoWife_WthRelChldLt18y	65
FamWHhWhtAln_Inc1999GtePovLev_OthFam_MaleHhNoWife_WthRelChldLt18y_Lt5yOnly	74
FamWHhWhtAln_Inc1999GtePovLev_OthFam_MaleHhNoWife_WthRelChldLt18y_Lt5yand5to17y	79
FamWHhWhtAln_Inc1999GtePovLev_OthFam_MaleHhNoWife_WthRelChldLt18y_5to17yOnly	76
FamWHhWhtAln_Inc1999GtePovLev_OthFam_FemHhNoHusb_WthRelChldLt18y_Lt5yOnly	73
FamWHhWhtAln_Inc1999GtePovLev_OthFam_FemHhNoHusb_WthRelChldLt18y_Lt5yand5to17y	78
FamWHhWhtAln_Inc1999GtePovLev_OthFam_FemHhNoHusb_WthRelChldLt18y_5to17yOnly	75
FamWHhBlkAfAmerAln_Inc1999LtPovLev_MarriedCplFam_WthRelChldLt18y_Lt5yOnly	73
FamWHhBlkAfAmerAln_Inc1999LtPovLev_MarriedCplFam_WthRelChldLt18y_Lt5yand5to17y	78
FamWHhBlkAfAmerAln_Inc1999LtPovLev_MarriedCplFam_WthRelChldLt18y_5to17yOnly	75
FamWHhBlkAfAmerAln_Inc1999LtPovLev_OthFam_MaleHhNoWife_WthRelChldLt18y	70
FamWHhBlkAfAmerAln_Inc1999LtPovLev_OthFam_MaleHhNoWife_WthRelChldLt18y_Lt5yOnly	79
FamWHhBlkAfAmerAln_Inc1999LtPovLev_OthFam_MaleHhNoWife_WthRelChldLt18y_Lt5yand5to17y	84
FamWHhBlkAfAmerAln_Inc1999LtPovLev_OthFam_MaleHhNoWife_WthRelChldLt18y_5to17yOnly	81
FamWHhBlkAfAmerAln_Inc1999LtPovLev_OthFam_MaleHhNoWife_NoRelChldLt18y	69
FamWHhBlkAfAmerAln_Inc1999LtPovLev_OthFam_FemHhNoHusb_WthRelChldLt18y	69
FamWHhBlkAfAmerAln_Inc1999LtPovLev_OthFam_FemHhNoHusb_WthRelChldLt18y_Lt5yOnly	78
FamWHhBlkAfAmerAln_Inc1999LtPovLev_OthFam_FemHhNoHusb_WthRelChldLt18y_Lt5yand5to17y	83
FamWHhBlkAfAmerAln_Inc1999LtPovLev_OthFam_FemHhNoHusb_WthRelChldLt18y_5to17yOnly	80
FamWHhBlkAfAmerAln_Inc1999LtPovLev_OthFam_FemHhNoHusb_NoRelChldLt18y	68
FamWHhBlkAfAmerAln_Inc1999GtePovLev_MarriedCplFam_WthRelChldLt18y	65
FamWHhBlkAfAmerAln_Inc1999GtePovLev_MarriedCplFam_WthRelChldLt18y_Lt5yOnly	74
FamWHhBlkAfAmerAln_Inc1999GtePovLev_MarriedCplFam_WthRelChldLt18y_Lt5yand5to17y	79
FamWHhBlkAfAmerAln_Inc1999GtePovLev_MarriedCplFam_WthRelChldLt18y_5to17yOnly	76
FamWHhBlkAfAmerAln_Inc1999GtePovLev_OthFam_MaleHhNoWife_WthRelChldLt18y	71
FamWHhBlkAfAmerAln_Inc1999GtePovLev_OthFam_MaleHhNoWife_WthRelChldLt18y_Lt5yOnly	80
FamWHhBlkAfAmerAln_Inc1999GtePovLev_OthFam_MaleHhNoWife_WthRelChldLt18y_Lt5yand5to17y	85
FamWHhBlkAfAmerAln_Inc1999GtePovLev_OthFam_MaleHhNoWife_WthRelChldLt18y_5to17yOnly	82
FamWHhBlkAfAmerAln_Inc1999GtePovLev_OthFam_MaleHhNoWife_NoRelChldLt18y	70
FamWHhBlkAfAmerAln_Inc1999GtePovLev_OthFam_FemHhNoHusb_WthRelChldLt18y	70
FamWHhBlkAfAmerAln_Inc1999GtePovLev_OthFam_FemHhNoHusb_WthRelChldLt18y_Lt5yOnly	79
FamWHhBlkAfAmerAln_Inc1999GtePovLev_OthFam_FemHhNoHusb_WthRelChldLt18y_Lt5yand5to17y	84
FamWHhBlkAfAmerAln_Inc1999GtePovLev_OthFam_FemHhNoHusb_WthRelChldLt18y_5to17yOnly	81
FamWHhBlkAfAmerAln_Inc1999GtePovLev_OthFam_FemHhNoHusb_NoRelChldLt18y	69
FamWHhAmIndAkNatAln_Inc1999LtPovLev_MarriedCplFam_WthRelChldLt18y	65
FamWHhAmIndAkNatAln_Inc1999LtPovLev_MarriedCplFam_WthRelChldLt18y_Lt5yOnly	74
FamWHhAmIndAkNatAln_Inc1999LtPovLev_MarriedCplFam_WthRelChldLt18y_Lt5yand5to17y	79
FamWHhAmIndAkNatAln_Inc1999LtPovLev_MarriedCplFam_WthRelChldLt18y_5to17yOnly	76
FamWHhAmIndAkNatAln_Inc1999LtPovLev_OthFam_MaleHhNoWife_WthRelChldLt18y	71
FamWHhAmIndAkNatAln_Inc1999LtPovLev_OthFam_MaleHhNoWife_WthRelChldLt18y_Lt5yOnly	80
FamWHhAmIndAkNatAln_Inc1999LtPovLev_OthFam_MaleHhNoWife_WthRelChldLt18y_Lt5yand5to17y	85
FamWHhAmIndAkNatAln_Inc1999LtPovLev_OthFam_MaleHhNoWife_WthRelChldLt18y_5to17yOnly	82
FamWHhAmIndAkNatAln_Inc1999LtPovLev_OthFam_MaleHhNoWife_NoRelChldLt18y	70
FamWHhAmIndAkNatAln_Inc1999LtPovLev_OthFam_FemHhNoHusb_WthRelChldLt18y	70
FamWHhAmIndAkNatAln_Inc1999LtPovLev_OthFam_FemHhNoHusb_WthRelChldLt18y_Lt5yOnly	79
FamWHhAmIndAkNatAln_Inc1999LtPovLev_OthFam_FemHhNoHusb_WthRelChldLt18y_Lt5yand5to17y	84
FamWHhAmIndAkNatAln_Inc1999LtPovLev_OthFam_FemHhNoHusb_WthRelChldLt18y_5to17yOnly	81
FamWHhAmIndAkNatAln_Inc1999LtPovLev_OthFam_FemHhNoHusb_NoRelChldLt18y	69
FamWHhAmIndAkNatAln_Inc1999GtePovLev_MarriedCplFam_WthRelChldLt18y	66
FamWHhAmIndAkNatAln_Inc1999GtePovLev_MarriedCplFam_WthRelChldLt18y_Lt5yOnly	75
FamWHhAmIndAkNatAln_Inc1999GtePovLev_MarriedCplFam_WthRelChldLt18y_Lt5yand5to17y	80
FamWHhAmIndAkNatAln_Inc1999GtePovLev_MarriedCplFam_WthRelChldLt18y_5to17yOnly	77
FamWHhAmIndAkNatAln_Inc1999GtePovLev_MarriedCplFam_NoRelChldLt18y	65
FamWHhAmIndAkNatAln_Inc1999GtePovLev_OthFam_MaleHhNoWife_WthRelChldLt18y	72
FamWHhAmIndAkNatAln_Inc1999GtePovLev_OthFam_MaleHhNoWife_WthRelChldLt18y_Lt5yOnly	81
FamWHhAmIndAkNatAln_Inc1999GtePovLev_OthFam_MaleHhNoWife_WthRelChldLt18y_Lt5yand5to17y	86
FamWHhAmIndAkNatAln_Inc1999GtePovLev_OthFam_MaleHhNoWife_WthRelChldLt18y_5to17yOnly	83
FamWHhAmIndAkNatAln_Inc1999GtePovLev_OthFam_MaleHhNoWife_NoRelChldLt18y	71
FamWHhAmIndAkNatAln_Inc1999GtePovLev_OthFam_FemHhNoHusb_WthRelChldLt18y	71
FamWHhAmIndAkNatAln_Inc1999GtePovLev_OthFam_FemHhNoHusb_WthRelChldLt18y_Lt5yOnly	80
FamWHhAmIndAkNatAln_Inc1999GtePovLev_OthFam_FemHhNoHusb_WthRelChldLt18y_Lt5yand5to17y	85
FamWHhAmIndAkNatAln_Inc1999GtePovLev_OthFam_FemHhNoHusb_WthRelChldLt18y_5to17yOnly	82
FamWHhAmIndAkNatAln_Inc1999GtePovLev_OthFam_FemHhNoHusb_NoRelChldLt18y	70
FamWHhAsnAln_Inc1999LtPovLev_MarriedCplFam_WthRelChldLt18y_Lt5yOnly	67
FamWHhAsnAln_Inc1999LtPovLev_MarriedCplFam_WthRelChldLt18y_Lt5yand5to17y	72
FamWHhAsnAln_Inc1999LtPovLev_MarriedCplFam_WthRelChldLt18y_5to17yOnly	69
FamWHhAsnAln_Inc1999LtPovLev_OthFam_MaleHhNoWife_WthRelChldLt18y_Lt5yOnly	73
FamWHhAsnAln_Inc1999LtPovLev_OthFam_MaleHhNoWife_WthRelChldLt18y_Lt5yand5to17y	78
FamWHhAsnAln_Inc1999LtPovLev_OthFam_MaleHhNoWife_WthRelChldLt18y_5to17yOnly	75
FamWHhAsnAln_Inc1999LtPovLev_OthFam_FemHhNoHusb_WthRelChldLt18y_Lt5yOnly	72
FamWHhAsnAln_Inc1999LtPovLev_OthFam_FemHhNoHusb_WthRelChldLt18y_Lt5yand5to17y	77
FamWHhAsnAln_Inc1999LtPovLev_OthFam_FemHhNoHusb_WthRelChldLt18y_5to17yOnly	74
FamWHhAsnAln_Inc1999GtePovLev_MarriedCplFam_WthRelChldLt18y_Lt5yOnly	68
FamWHhAsnAln_Inc1999GtePovLev_MarriedCplFam_WthRelChldLt18y_Lt5yand5to17y	73
FamWHhAsnAln_Inc1999GtePovLev_MarriedCplFam_WthRelChldLt18y_5to17yOnly	70
FamWHhAsnAln_Inc1999GtePovLev_OthFam_MaleHhNoWife_WthRelChldLt18y	65
FamWHhAsnAln_Inc1999GtePovLev_OthFam_MaleHhNoWife_WthRelChldLt18y_Lt5yOnly	74
FamWHhAsnAln_Inc1999GtePovLev_OthFam_MaleHhNoWife_WthRelChldLt18y_Lt5yand5to17y	79
FamWHhAsnAln_Inc1999GtePovLev_OthFam_MaleHhNoWife_WthRelChldLt18y_5to17yOnly	76
FamWHhAsnAln_Inc1999GtePovLev_OthFam_FemHhNoHusb_WthRelChldLt18y_Lt5yOnly	73
FamWHhAsnAln_Inc1999GtePovLev_OthFam_FemHhNoHusb_WthRelChldLt18y_Lt5yand5to17y	78
FamWHhAsnAln_Inc1999GtePovLev_OthFam_FemHhNoHusb_WthRelChldLt18y_5to17yOnly	75
FamWHhNatHiPacIslAln_Inc1999LtPovLev_MarriedCplFam_WthRelChldLt18y	66
FamWHhNatHiPacIslAln_Inc1999LtPovLev_MarriedCplFam_WthRelChldLt18y_Lt5yOnly	75
FamWHhNatHiPacIslAln_Inc1999LtPovLev_MarriedCplFam_WthRelChldLt18y_Lt5yand5to17y	80
FamWHhNatHiPacIslAln_Inc1999LtPovLev_MarriedCplFam_WthRelChldLt18y_5to17yOnly	77
FamWHhNatHiPacIslAln_Inc1999LtPovLev_MarriedCplFam_NoRelChldLt18y	65
FamWHhNatHiPacIslAln_Inc1999LtPovLev_OthFam_MaleHhNoWife_WthRelChldLt18y	72
FamWHhNatHiPacIslAln_Inc1999LtPovLev_OthFam_MaleHhNoWife_WthRelChldLt18y_Lt5yOnly	81
FamWHhNatHiPacIslAln_Inc1999LtPovLev_OthFam_MaleHhNoWife_WthRelChldLt18y_Lt5yand5to17y	86
FamWHhNatHiPacIslAln_Inc1999LtPovLev_OthFam_MaleHhNoWife_WthRelChldLt18y_5to17yOnly	83
FamWHhNatHiPacIslAln_Inc1999LtPovLev_OthFam_MaleHhNoWife_NoRelChldLt18y	71
FamWHhNatHiPacIslAln_Inc1999LtPovLev_OthFam_FemHhNoHusb_WthRelChldLt18y	71
FamWHhNatHiPacIslAln_Inc1999LtPovLev_OthFam_FemHhNoHusb_WthRelChldLt18y_Lt5yOnly	80
FamWHhNatHiPacIslAln_Inc1999LtPovLev_OthFam_FemHhNoHusb_WthRelChldLt18y_Lt5yand5to17y	85
FamWHhNatHiPacIslAln_Inc1999LtPovLev_OthFam_FemHhNoHusb_WthRelChldLt18y_5to17yOnly	82
FamWHhNatHiPacIslAln_Inc1999LtPovLev_OthFam_FemHhNoHusb_NoRelChldLt18y	70
FamWHhNatHiPacIslAln_Inc1999GtePovLev_MarriedCplFam_WthRelChldLt18y	67
FamWHhNatHiPacIslAln_Inc1999GtePovLev_MarriedCplFam_WthRelChldLt18y_Lt5yOnly	76
FamWHhNatHiPacIslAln_Inc1999GtePovLev_MarriedCplFam_WthRelChldLt18y_Lt5yand5to17y	81
FamWHhNatHiPacIslAln_Inc1999GtePovLev_MarriedCplFam_WthRelChldLt18y_5to17yOnly	78
FamWHhNatHiPacIslAln_Inc1999GtePovLev_MarriedCplFam_NoRelChldLt18y	66
FamWHhNatHiPacIslAln_Inc1999GtePovLev_OthFam_MaleHhNoWife_WthRelChldLt18y	73
FamWHhNatHiPacIslAln_Inc1999GtePovLev_OthFam_MaleHhNoWife_WthRelChldLt18y_Lt5yOnly	82
FamWHhNatHiPacIslAln_Inc1999GtePovLev_OthFam_MaleHhNoWife_WthRelChldLt18y_Lt5yand5to17y	87
FamWHhNatHiPacIslAln_Inc1999GtePovLev_OthFam_MaleHhNoWife_WthRelChldLt18y_5to17yOnly	84
FamWHhNatHiPacIslAln_Inc1999GtePovLev_OthFam_MaleHhNoWife_NoRelChldLt18y	72
FamWHhNatHiPacIslAln_Inc1999GtePovLev_OthFam_FemHhNoHusb_WthRelChldLt18y	72
FamWHhNatHiPacIslAln_Inc1999GtePovLev_OthFam_FemHhNoHusb_WthRelChldLt18y_Lt5yOnly	81
FamWHhNatHiPacIslAln_Inc1999GtePovLev_OthFam_FemHhNoHusb_WthRelChldLt18y_Lt5yand5to17y	86
FamWHhNatHiPacIslAln_Inc1999GtePovLev_OthFam_FemHhNoHusb_WthRelChldLt18y_5to17yOnly	83
FamWHhNatHiPacIslAln_Inc1999GtePovLev_OthFam_FemHhNoHusb_NoRelChldLt18y	71
FamWHhSomeOthRaceAln_Inc1999LtPovLev_MarriedCplFam_WthRelChldLt18y	66
FamWHhSomeOthRaceAln_Inc1999LtPovLev_MarriedCplFam_WthRelChldLt18y_Lt5yOnly	75
FamWHhSomeOthRaceAln_Inc1999LtPovLev_MarriedCplFam_WthRelChldLt18y_Lt5yand5to17y	80
FamWHhSomeOthRaceAln_Inc1999LtPovLev_MarriedCplFam_WthRelChldLt18y_5to17yOnly	77
FamWHhSomeOthRaceAln_Inc1999LtPovLev_MarriedCplFam_NoRelChldLt18y	65
FamWHhSomeOthRaceAln_Inc1999LtPovLev_OthFam_MaleHhNoWife_WthRelChldLt18y	72
FamWHhSomeOthRaceAln_Inc1999LtPovLev_OthFam_MaleHhNoWife_WthRelChldLt18y_Lt5yOnly	81
FamWHhSomeOthRaceAln_Inc1999LtPovLev_OthFam_MaleHhNoWife_WthRelChldLt18y_Lt5yand5to17y	86
FamWHhSomeOthRaceAln_Inc1999LtPovLev_OthFam_MaleHhNoWife_WthRelChldLt18y_5to17yOnly	83
FamWHhSomeOthRaceAln_Inc1999LtPovLev_OthFam_MaleHhNoWife_NoRelChldLt18y	71
FamWHhSomeOthRaceAln_Inc1999LtPovLev_OthFam_FemHhNoHusb_WthRelChldLt18y	71
FamWHhSomeOthRaceAln_Inc1999LtPovLev_OthFam_FemHhNoHusb_WthRelChldLt18y_Lt5yOnly	80
FamWHhSomeOthRaceAln_Inc1999LtPovLev_OthFam_FemHhNoHusb_WthRelChldLt18y_Lt5yand5to17y	85
FamWHhSomeOthRaceAln_Inc1999LtPovLev_OthFam_FemHhNoHusb_WthRelChldLt18y_5to17yOnly	82
FamWHhSomeOthRaceAln_Inc1999LtPovLev_OthFam_FemHhNoHusb_NoRelChldLt18y	70
FamWHhSomeOthRaceAln_Inc1999GtePovLev_MarriedCplFam_WthRelChldLt18y	67
FamWHhSomeOthRaceAln_Inc1999GtePovLev_MarriedCplFam_WthRelChldLt18y_Lt5yOnly	76
FamWHhSomeOthRaceAln_Inc1999GtePovLev_MarriedCplFam_WthRelChldLt18y_Lt5yand5to17y	81
FamWHhSomeOthRaceAln_Inc1999GtePovLev_MarriedCplFam_WthRelChldLt18y_5to17yOnly	78
FamWHhSomeOthRaceAln_Inc1999GtePovLev_MarriedCplFam_NoRelChldLt18y	66
FamWHhSomeOthRaceAln_Inc1999GtePovLev_OthFam_MaleHhNoWife_WthRelChldLt18y	73
FamWHhSomeOthRaceAln_Inc1999GtePovLev_OthFam_MaleHhNoWife_WthRelChldLt18y_Lt5yOnly	82
FamWHhSomeOthRaceAln_Inc1999GtePovLev_OthFam_MaleHhNoWife_WthRelChldLt18y_Lt5yand5to17y	87
FamWHhSomeOthRaceAln_Inc1999GtePovLev_OthFam_MaleHhNoWife_WthRelChldLt18y_5to17yOnly	84
FamWHhSomeOthRaceAln_Inc1999GtePovLev_OthFam_MaleHhNoWife_NoRelChldLt18y	72
FamWHhSomeOthRaceAln_Inc1999GtePovLev_OthFam_FemHhNoHusb_WthRelChldLt18y	72
FamWHhSomeOthRaceAln_Inc1999GtePovLev_OthFam_FemHhNoHusb_WthRelChldLt18y_Lt5yOnly	81
FamWHhSomeOthRaceAln_Inc1999GtePovLev_OthFam_FemHhNoHusb_WthRelChldLt18y_Lt5yand5to17y	86
FamWHhSomeOthRaceAln_Inc1999GtePovLev_OthFam_FemHhNoHusb_WthRelChldLt18y_5to17yOnly	83
FamWHhSomeOthRaceAln_Inc1999GtePovLev_OthFam_FemHhNoHusb_NoRelChldLt18y	71
FamWHhGte2races_Inc1999LtPovLev_MarriedCplFam_WthRelChldLt18y_Lt5yOnly	70
FamWHhGte2races_Inc1999LtPovLev_MarriedCplFam_WthRelChldLt18y_Lt5yand5to17y	75
FamWHhGte2races_Inc1999LtPovLev_MarriedCplFam_WthRelChldLt18y_5to17yOnly	72
FamWHhGte2races_Inc1999LtPovLev_OthFam_MaleHhNoWife_WthRelChldLt18y	67
FamWHhGte2races_Inc1999LtPovLev_OthFam_MaleHhNoWife_WthRelChldLt18y_Lt5yOnly	76
FamWHhGte2races_Inc1999LtPovLev_OthFam_MaleHhNoWife_WthRelChldLt18y_Lt5yand5to17y	81
FamWHhGte2races_Inc1999LtPovLev_OthFam_MaleHhNoWife_WthRelChldLt18y_5to17yOnly	78
FamWHhGte2races_Inc1999LtPovLev_OthFam_MaleHhNoWife_NoRelChldLt18y	66
FamWHhGte2races_Inc1999LtPovLev_OthFam_FemHhNoHusb_WthRelChldLt18y	66
FamWHhGte2races_Inc1999LtPovLev_OthFam_FemHhNoHusb_WthRelChldLt18y_Lt5yOnly	75
FamWHhGte2races_Inc1999LtPovLev_OthFam_FemHhNoHusb_WthRelChldLt18y_Lt5yand5to17y	80
FamWHhGte2races_Inc1999LtPovLev_OthFam_FemHhNoHusb_WthRelChldLt18y_5to17yOnly	77
FamWHhGte2races_Inc1999LtPovLev_OthFam_FemHhNoHusb_NoRelChldLt18y	65
FamWHhGte2races_Inc1999GtePovLev_MarriedCplFam_WthRelChldLt18y_Lt5yOnly	71
FamWHhGte2races_Inc1999GtePovLev_MarriedCplFam_WthRelChldLt18y_Lt5yand5to17y	76
FamWHhGte2races_Inc1999GtePovLev_MarriedCplFam_WthRelChldLt18y_5to17yOnly	73
FamWHhGte2races_Inc1999GtePovLev_OthFam_MaleHhNoWife_WthRelChldLt18y	68
FamWHhGte2races_Inc1999GtePovLev_OthFam_MaleHhNoWife_WthRelChldLt18y_Lt5yOnly	77
FamWHhGte2races_Inc1999GtePovLev_OthFam_MaleHhNoWife_WthRelChldLt18y_Lt5yand5to17y	82
FamWHhGte2races_Inc1999GtePovLev_OthFam_MaleHhNoWife_WthRelChldLt18y_5to17yOnly	79
FamWHhGte2races_Inc1999GtePovLev_OthFam_MaleHhNoWife_NoRelChldLt18y	67
FamWHhGte2races_Inc1999GtePovLev_OthFam_FemHhNoHusb_WthRelChldLt18y	67
FamWHhGte2races_Inc1999GtePovLev_OthFam_FemHhNoHusb_WthRelChldLt18y_Lt5yOnly	76
FamWHhGte2races_Inc1999GtePovLev_OthFam_FemHhNoHusb_WthRelChldLt18y_Lt5yand5to17y	81
FamWHhGte2races_Inc1999GtePovLev_OthFam_FemHhNoHusb_WthRelChldLt18y_5to17yOnly	78
FamWHhGte2races_Inc1999GtePovLev_OthFam_FemHhNoHusb_NoRelChldLt18y	66
FamWHhHispLat_Inc1999LtPovLev_MarriedCplFam_WthRelChldLt18y_Lt5yOnly	68
FamWHhHispLat_Inc1999LtPovLev_MarriedCplFam_WthRelChldLt18y_Lt5yand5to17y	73
FamWHhHispLat_Inc1999LtPovLev_MarriedCplFam_WthRelChldLt18y_5to17yOnly	70
FamWHhHispLat_Inc1999LtPovLev_OthFam_MaleHhNoWife_WthRelChldLt18y	65
FamWHhHispLat_Inc1999LtPovLev_OthFam_MaleHhNoWife_WthRelChldLt18y_Lt5yOnly	74
FamWHhHispLat_Inc1999LtPovLev_OthFam_MaleHhNoWife_WthRelChldLt18y_Lt5yand5to17y	79
FamWHhHispLat_Inc1999LtPovLev_OthFam_MaleHhNoWife_WthRelChldLt18y_5to17yOnly	76
FamWHhHispLat_Inc1999LtPovLev_OthFam_FemHhNoHusb_WthRelChldLt18y_Lt5yOnly	73
FamWHhHispLat_Inc1999LtPovLev_OthFam_FemHhNoHusb_WthRelChldLt18y_Lt5yand5to17y	78
FamWHhHispLat_Inc1999LtPovLev_OthFam_FemHhNoHusb_WthRelChldLt18y_5to17yOnly	75
FamWHhHispLat_Inc1999GtePovLev_MarriedCplFam_WthRelChldLt18y_Lt5yOnly	69
FamWHhHispLat_Inc1999GtePovLev_MarriedCplFam_WthRelChldLt18y_Lt5yand5to17y	74
FamWHhHispLat_Inc1999GtePovLev_MarriedCplFam_WthRelChldLt18y_5to17yOnly	71
FamWHhHispLat_Inc1999GtePovLev_OthFam_MaleHhNoWife_WthRelChldLt18y	66
FamWHhHispLat_Inc1999GtePovLev_OthFam_MaleHhNoWife_WthRelChldLt18y_Lt5yOnly	75
FamWHhHispLat_Inc1999GtePovLev_OthFam_MaleHhNoWife_WthRelChldLt18y_Lt5yand5to17y	80
FamWHhHispLat_Inc1999GtePovLev_OthFam_MaleHhNoWife_WthRelChldLt18y_5to17yOnly	77
FamWHhHispLat_Inc1999GtePovLev_OthFam_MaleHhNoWife_NoRelChldLt18y	65
FamWHhHispLat_Inc1999GtePovLev_OthFam_FemHhNoHusb_WthRelChldLt18y	65
FamWHhHispLat_Inc1999GtePovLev_OthFam_FemHhNoHusb_WthRelChldLt18y_Lt5yOnly	74
FamWHhHispLat_Inc1999GtePovLev_OthFam_FemHhNoHusb_WthRelChldLt18y_Lt5yand5to17y	79
FamWHhHispLat_Inc1999GtePovLev_OthFam_FemHhNoHusb_WthRelChldLt18y_5to17yOnly	76
FamWHhWhtAlnNotHispLat_Inc1999LtPovLev_MarriedCplFam_WthRelChldLt18y	68
FamWHhWhtAlnNotHispLat_Inc1999LtPovLev_MarriedCplFam_WthRelChldLt18y_Lt5yOnly	77
FamWHhWhtAlnNotHispLat_Inc1999LtPovLev_MarriedCplFam_WthRelChldLt18y_Lt5yand5to17y	82
FamWHhWhtAlnNotHispLat_Inc1999LtPovLev_MarriedCplFam_WthRelChldLt18y_5to17yOnly	79
FamWHhWhtAlnNotHispLat_Inc1999LtPovLev_MarriedCplFam_NoRelChldLt18y	67
FamWHhWhtAlnNotHispLat_Inc1999LtPovLev_OthFam_MaleHhNoWife_WthRelChldLt18y	74
FamWHhWhtAlnNotHispLat_Inc1999LtPovLev_OthFam_MaleHhNoWife_WthRelChldLt18y_Lt5yOnly	83
FamWHhWhtAlnNotHispLat_Inc1999LtPovLev_OthFam_MaleHhNoWife_WthRelChldLt18y_Lt5yand5to17y	88
FamWHhWhtAlnNotHispLat_Inc1999LtPovLev_OthFam_MaleHhNoWife_WthRelChldLt18y_5to17yOnly	85
FamWHhWhtAlnNotHispLat_Inc1999LtPovLev_OthFam_MaleHhNoWife_NoRelChldLt18y	73
FamWHhWhtAlnNotHispLat_Inc1999LtPovLev_OthFam_FemHhNoHusb_WthRelChldLt18y	73
FamWHhWhtAlnNotHispLat_Inc1999LtPovLev_OthFam_FemHhNoHusb_WthRelChldLt18y_Lt5yOnly	82
FamWHhWhtAlnNotHispLat_Inc1999LtPovLev_OthFam_FemHhNoHusb_WthRelChldLt18y_Lt5yand5to17y	87
FamWHhWhtAlnNotHispLat_Inc1999LtPovLev_OthFam_FemHhNoHusb_WthRelChldLt18y_5to17yOnly	84
FamWHhWhtAlnNotHispLat_Inc1999LtPovLev_OthFam_FemHhNoHusb_NoRelChldLt18y	72
FamWHhWhtAlnNotHispLat_Inc1999GtePovLev_MarriedCplFam_WthRelChldLt18y	69
FamWHhWhtAlnNotHispLat_Inc1999GtePovLev_MarriedCplFam_WthRelChldLt18y_Lt5yOnly	78
FamWHhWhtAlnNotHispLat_Inc1999GtePovLev_MarriedCplFam_WthRelChldLt18y_Lt5yand5to17y	83
FamWHhWhtAlnNotHispLat_Inc1999GtePovLev_MarriedCplFam_WthRelChldLt18y_5to17yOnly	80
FamWHhWhtAlnNotHispLat_Inc1999GtePovLev_MarriedCplFam_NoRelChldLt18y	68
FamWHhWhtAlnNotHispLat_Inc1999GtePovLev_OthFam_MaleHhNoWife_WthRelChldLt18y	75
FamWHhWhtAlnNotHispLat_Inc1999GtePovLev_OthFam_MaleHhNoWife_WthRelChldLt18y_Lt5yOnly	84
FamWHhWhtAlnNotHispLat_Inc1999GtePovLev_OthFam_MaleHhNoWife_WthRelChldLt18y_Lt5yand5to17y	89
FamWHhWhtAlnNotHispLat_Inc1999GtePovLev_OthFam_MaleHhNoWife_WthRelChldLt18y_5to17yOnly	86
FamWHhWhtAlnNotHispLat_Inc1999GtePovLev_OthFam_MaleHhNoWife_NoRelChldLt18y	74
FamWHhWhtAlnNotHispLat_Inc1999GtePovLev_OthFam_FemHhNoHusb_WthRelChldLt18y	74
FamWHhWhtAlnNotHispLat_Inc1999GtePovLev_OthFam_FemHhNoHusb_WthRelChldLt18y_Lt5yOnly	83
FamWHhWhtAlnNotHispLat_Inc1999GtePovLev_OthFam_FemHhNoHusb_WthRelChldLt18y_Lt5yand5to17y	88
FamWHhWhtAlnNotHispLat_Inc1999GtePovLev_OthFam_FemHhNoHusb_WthRelChldLt18y_5to17yOnly	85
FamWHhWhtAlnNotHispLat_Inc1999GtePovLev_OthFam_FemHhNoHusb_NoRelChldLt18y	73
PopGte30yHH_LvngWOwnGrdCldLt18y_GndPrntRespOwnGndChildLt18y_Gte85y_Lt6m	71
PopGte30yHH_LvngWOwnGrdCldLt18y_GndPrntRespOwnGndChildLt18y_Gte85y_6to11m	73
PopGte30yHH_LvngWOwnGrdCldLt18y_GndPrntRespOwnGndChildLt18y_Gte85y_1or2y	72
PopGte30yHH_LvngWOwnGrdCldLt18y_GndPrntRespOwnGndChildLt18y_Gte85y_3or4y	72
PopGte30yHH_LvngWOwnGrdCldLt18y_GndPrntRespOwnGndChildLt18y_Gte85y_Gte5y	72
PopGte30yHH_HhOrSpse_LvngWOwnGrdCldLt18y_GndPrntRespOwnGndChildLt18y	68
PopGte30yHH_HhOrSpse_LvngWOwnGrdCldLt18y_GndPrntNotRespOwnGndChildLt18y	71
PopGte30yHH_PrntorPrntLawHh_LvngWOwnGrdCldLt18y_GndPrntRespOwnGndChildLt18y	75
PopGte30yHH_PrntorPrntLawHh_LvngWOwnGrdCldLt18y_GndPrntNotRespOwnGndChildLt18y	78
PopGte30yHH_OthRelNonRelHh_LvngWOwnGrdCldLt18y_GndPrntRespOwnGndChildLt18y	74
PopGte30yHH_OthRelNonRelHh_LvngWOwnGrdCldLt18y_GndPrntNotRespOwnGndChildLt18y	77
FrgnBornPop_Americas_LatAmerica_Carib_YearEntry1990toMar2000_NatlzdCit	70
FrgnBornPop_Americas_LatAmerica_Carib_YearEntry1990toMar2000_NotCitzn	69
FrgnBornPop_Americas_LatAmerica_Carib_YearEntry1980to1989_NatlzdCit	67
FrgnBornPop_Americas_LatAmerica_Carib_YearEntry1980to1989_NotCitzn	66
FrgnBornPop_Americas_LatAmerica_CentAmer_Mexico_YearEntry1990toMar2000	70
FrgnBornPop_Americas_LatAmerica_CentAmer_Mexico_YearEntry1990toMar2000_NatlzdCit	80
FrgnBornPop_Americas_LatAmerica_CentAmer_Mexico_YearEntry1990toMar2000_NotCitzn	79
FrgnBornPop_Americas_LatAmerica_CentAmer_Mexico_YearEntry1980to1989	67
FrgnBornPop_Americas_LatAmerica_CentAmer_Mexico_YearEntry1980to1989_NatlzdCit	77
FrgnBornPop_Americas_LatAmerica_CentAmer_Mexico_YearEntry1980to1989_NotCitzn	76
FrgnBornPop_Americas_LatAmerica_CentAmer_Mexico_YearEntryBef1980_NatlzdCit	74
FrgnBornPop_Americas_LatAmerica_CentAmer_Mexico_YearEntryBef1980_NotCitzn	73
FrgnBornPop_Americas_LatAmerica_CentAmer_OthCentAmer_YearEntry1990toMar2000	75
FrgnBornPop_Americas_LatAmerica_CentAmer_OthCentAmer_YearEntry1990toMar2000_NatlzdCit	85
FrgnBornPop_Americas_LatAmerica_CentAmer_OthCentAmer_YearEntry1990toMar2000_NotCitzn	84
FrgnBornPop_Americas_LatAmerica_CentAmer_OthCentAmer_YearEntry1980to1989	72
FrgnBornPop_Americas_LatAmerica_CentAmer_OthCentAmer_YearEntry1980to1989_NatlzdCit	82
FrgnBornPop_Americas_LatAmerica_CentAmer_OthCentAmer_YearEntry1980to1989_NotCitzn	81
FrgnBornPop_Americas_LatAmerica_CentAmer_OthCentAmer_YearEntryBef1980	69
FrgnBornPop_Americas_LatAmerica_CentAmer_OthCentAmer_YearEntryBef1980_NatlzdCit	79
FrgnBornPop_Americas_LatAmerica_CentAmer_OthCentAmer_YearEntryBef1980_NotCitzn	78
FrgnBornPop_Americas_LatAmerica_SouthAmer_YearEntry1990toMar2000_NatlzdCit	74
FrgnBornPop_Americas_LatAmerica_SouthAmer_YearEntry1990toMar2000_NotCitzn	73
FrgnBornPop_Americas_LatAmerica_SouthAmer_YearEntry1980to1989_NatlzdCit	71
FrgnBornPop_Americas_LatAmerica_SouthAmer_YearEntry1980to1989_NotCitzn	70
FrgnBornPop_Americas_LatAmerica_SouthAmer_YearEntryBef1980_NatlzdCit	68
FrgnBornPop_Americas_LatAmerica_SouthAmer_YearEntryBef1980_NotCitzn	67
FrgnBornPop_Americas_NrthAmerica_YearEntry1990toMar2000_NatlzdCit	65
PopGte5y_DiffHouse1995_InUS1995_NotSameCityTown_DiffCnty_DiffSt_NorthEast	73
PopGte5y_DiffHouse1995_InUS1995_NotSameCityTown_DiffCnty_DiffSt_MidWest	71
PopGte5y_DiffHouse1995_InUS1995_NotSameCityTown_DiffCnty_DiffSt_South	69
PopGte5y_DiffHouse1995_InUS1995_NotSameCityTown_DiffCnty_DiffSt_West	68
PopGte5y_LvngMSAPMSA2000_DiffHouse1995_InUS1995_SameMSAPMSA1995_MvdInSameCentCity	81
PopGte5y_LvngMSAPMSA2000_DiffHouse1995_InUS1995_SameMSAPMSA1995_MvdBtwCentCities	80
PopGte5y_LvngMSAPMSA2000_DiffHouse1995_InUS1995_SameMSAPMSA1995_MvdCentCityRemMSAPMSA	85
PopGte5y_LvngMSAPMSA2000_DiffHouse1995_InUS1995_SameMSAPMSA1995_MvdRemMSAPMSAtoCentCity	87
PopGte5y_LvngMSAPMSA2000_DiffHouse1995_InUS1995_SameMSAPMSA1995_MvdInRemMSAPMSA	79
PopGte5y_LvngMSAPMSA2000_DiffHouse1995_InUS1995_DiffMSAPMSA1995_CentCityDiffMSAPMSA	83
PopGte5y_LvngMSAPMSA2000_DiffHouse1995_InUS1995_DiffMSAPMSA1995_RemDiffMSAPMSA	78
PopGte5y_LvngMSAPMSA2000_DiffHouse1995_PRico1995_SameMSAPMSA1995_MvdInSameCentCity	82
PopGte5y_LvngMSAPMSA2000_DiffHouse1995_PRico1995_SameMSAPMSA1995_MvdBtwCentCities	81
PopGte5y_LvngMSAPMSA2000_DiffHouse1995_PRico1995_SameMSAPMSA1995_MvdCentCityRemMSAPMSA	86
PopGte5y_LvngMSAPMSA2000_DiffHouse1995_PRico1995_SameMSAPMSA1995_MvdRemMSAPMSAtoCentCity	88
PopGte5y_LvngMSAPMSA2000_DiffHouse1995_PRico1995_SameMSAPMSA1995_MvdInRemMSAPMSA	80
PopGte5y_LvngMSAPMSA2000_DiffHouse1995_PRico1995_DiffMSAPMSA1995_CentCityDiffMSAPMSA	84
PopGte5y_LvngMSAPMSA2000_DiffHouse1995_PRico1995_DiffMSAPMSA1995_RemDiffMSAPMSA	79
PopGte5y_NotLivMSAPMSA2000_DiffHouse1995_InUS1995_InMSAPMSA1995_CentCity	72
PopGte5y_NotLivMSAPMSA2000_DiffHouse1995_InUS1995_InMSAPMSA1995_RemAnMSAPMSA	76
PopGte5y_NotLivMSAPMSA2000_DiffHouse1995_PRico1995_InMSAPMSA1995_CentCity	73
PopGte5y_NotLivMSAPMSA2000_DiffHouse1995_PRico1995_InMSAPMSA1995_RemAnMSAPMSA	77
PopGte5y_NotLivMSAPMSA2000_DiffHouse1995_PRico1995_NotMSAPMSA1995	65
CivNonInstPopGte5y_Male_16to20y_WthGte2Disab_DNISelfCareDisab_GoOutHomeEmplOnly	79
CivNonInstPopGte5y_Male_16to20y_WthGte2Disab_DNISelfCareDisab_OthComb	69
CivNonInstPopGte5y_Male_21to64y_WthGte2Disab_DNISelfCareDisab_GoOutHomeEmplOnly	79
CivNonInstPopGte5y_Male_21to64y_WthGte2Disab_DNISelfCareDisab_OthComb	69
CivNonInstPopGte5y_Fem_16to20y_WthGte2Disab_DNISelfCareDisab_GoOutHomeEmplOnly	78
CivNonInstPopGte5y_Fem_16to20y_WthGte2Disab_DNISelfCareDisab_OthComb	68
CivNonInstPopGte5y_Fem_21to64y_WthGte2Disab_DNISelfCareDisab_GoOutHomeEmplOnly	78
CivNonInstPopGte5y_Fem_21to64y_WthGte2Disab_DNISelfCareDisab_OthComb	68
CivNonInstPop18to34y_Male_WithDisab_NotEnrldSchl_HighSchGradEquiv	65
CivNonInstPopGte5yPovStatDet_Male_5to15y_WithDisab_Inc1999LtPovLev	66
CivNonInstPopGte5yPovStatDet_Male_5to15y_WithDisab_Inc1999GtePovLev	67
CivNonInstPopGte5yPovStatDet_Male_5to15y_NoDisab_Inc1999GtePovLev	65
CivNonInstPopGte5yPovStatDet_Male_16to20y_WithDisab_Inc1999LtPovLev	67
CivNonInstPopGte5yPovStatDet_Male_16to20y_WithDisab_Inc1999GtePovLev	68
CivNonInstPopGte5yPovStatDet_Male_16to20y_NoDisab_Inc1999LtPovLev	65
CivNonInstPopGte5yPovStatDet_Male_16to20y_NoDisab_Inc1999GtePovLev	66
CivNonInstPopGte5yPovStatDet_Male_21to64y_WithDisab_Inc1999LtPovLev	67
CivNonInstPopGte5yPovStatDet_Male_21to64y_WithDisab_Inc1999GtePovLev	68
CivNonInstPopGte5yPovStatDet_Male_21to64y_NoDisab_Inc1999LtPovLev	65
CivNonInstPopGte5yPovStatDet_Male_21to64y_NoDisab_Inc1999GtePovLev	66
CivNonInstPopGte5yPovStatDet_Male_Gte65y_WithDisab_Inc1999LtPovLev	66
CivNonInstPopGte5yPovStatDet_Male_Gte65y_WithDisab_Inc1999GtePovLev	67
CivNonInstPopGte5yPovStatDet_Male_Gte65y_NoDisab_Inc1999GtePovLev	65
CivNonInstPopGte5yPovStatDet_Fem_5to15y_WithDisab_Inc1999LtPovLev	65
CivNonInstPopGte5yPovStatDet_Fem_5to15y_WithDisab_Inc1999GtePovLev	66
CivNonInstPopGte5yPovStatDet_Fem_16to20y_WithDisab_Inc1999LtPovLev	66
CivNonInstPopGte5yPovStatDet_Fem_16to20y_WithDisab_Inc1999GtePovLev	67
CivNonInstPopGte5yPovStatDet_Fem_16to20y_NoDisab_Inc1999GtePovLev	65
CivNonInstPopGte5yPovStatDet_Fem_21to64y_WithDisab_Inc1999LtPovLev	66
CivNonInstPopGte5yPovStatDet_Fem_21to64y_WithDisab_Inc1999GtePovLev	67
CivNonInstPopGte5yPovStatDet_Fem_21to64y_NoDisab_Inc1999GtePovLev	65
CivNonInstPopGte5yPovStatDet_Fem_Gte65y_WithDisab_Inc1999LtPovLev	65
CivNonInstPopGte5yPovStatDet_Fem_Gte65y_WithDisab_Inc1999GtePovLev	66
UnrelIndPovStatDet_Inc1999GtePovLev_Male_25to59y_NFamHh_LvngAlone	65
UnrelIndPovStatDet_Inc1999GtePovLev_Male_25to59y_NFamHh_NotLivAln	65
UnrelIndPovStatDet_Inc1999GtePovLev_Male_60to64y_NFamHh_LvngAlone	65
UnrelIndPovStatDet_Inc1999GtePovLev_Male_60to64y_NFamHh_NotLivAln	65
UnrelIndPovStatDet_Inc1999GtePovLev_Male_65to74y_NFamHh_LvngAlone	65
UnrelIndPovStatDet_Inc1999GtePovLev_Male_65to74y_NFamHh_NotLivAln	65
UnrelIndPovStatDet_Inc1999LtPovLev_NFamHh_LvngAln_NotHighSchlGrad	65
UnrelIndPovStatDet_Inc1999LtPovLev_NFamHh_NotLivAln_NotHighSchlGrad	67
UnrelIndPovStatDet_Inc1999GtePovLev_NFamHh_LvngAln_NotHighSchlGrad	66
UnrelIndPovStatDet_Inc1999GtePovLev_NFamHh_NotLivAln_NotHighSchlGrad	68
UnrelIndPovStatDet_Inc1999LtPovLev_NFamHh_LvngAln_WthSocSecInc1999	66
UnrelIndPovStatDet_Inc1999LtPovLev_NFamHh_LvngAln_WthSocSecInc1999_WthPubAssInc1999	83
UnrelIndPovStatDet_Inc1999LtPovLev_NFamHh_LvngAln_WthSocSecInc1999_WthoutPubAssInc1999	86
UnrelIndPovStatDet_Inc1999LtPovLev_NFamHh_LvngAln_WthoutSocSecInc1999	69
UnrelIndPovStatDet_Inc1999LtPovLev_NFamHh_LvngAln_WthoutSocSecInc1999_WthPubAssInc1999	86
UnrelIndPovStatDet_Inc1999LtPovLev_NFamHh_LvngAln_WthoutSocSecInc1999_WthoutPubAssInc1999	89
UnrelIndPovStatDet_Inc1999LtPovLev_NFamHh_NotLivAln_WthSocSecInc1999	68
UnrelIndPovStatDet_Inc1999LtPovLev_NFamHh_NotLivAln_WthSocSecInc1999_WthPubAssInc1999	85
UnrelIndPovStatDet_Inc1999LtPovLev_NFamHh_NotLivAln_WthSocSecInc1999_WthoutPubAssInc1999	88
UnrelIndPovStatDet_Inc1999LtPovLev_NFamHh_NotLivAln_WthoutSocSecInc1999	71
UnrelIndPovStatDet_Inc1999LtPovLev_NFamHh_NotLivAln_WthoutSocSecInc1999_WthPubAssInc1999	88
UnrelIndPovStatDet_Inc1999LtPovLev_NFamHh_NotLivAln_WthoutSocSecInc1999_WthoutPubAssInc1999	91
UnrelIndPovStatDet_Inc1999LtPovLev_OthUnrelInd_WthSocSecInc1999_WthPubAssInc1999	80
UnrelIndPovStatDet_Inc1999LtPovLev_OthUnrelInd_WthSocSecInc1999_WthoutPubAssInc1999	83
UnrelIndPovStatDet_Inc1999LtPovLev_OthUnrelInd_WthoutSocSecInc1999	66
UnrelIndPovStatDet_Inc1999LtPovLev_OthUnrelInd_WthoutSocSecInc1999_WthPubAssInc1999	83
UnrelIndPovStatDet_Inc1999LtPovLev_OthUnrelInd_WthoutSocSecInc1999_WthoutPubAssInc1999	86
UnrelIndPovStatDet_Inc1999GtePovLev_NFamHh_LvngAln_WthSocSecInc1999	67
UnrelIndPovStatDet_Inc1999GtePovLev_NFamHh_LvngAln_WthSocSecInc1999_WthPubAssInc1999	84
UnrelIndPovStatDet_Inc1999GtePovLev_NFamHh_LvngAln_WthSocSecInc1999_WthoutPubAssInc1999	87
UnrelIndPovStatDet_Inc1999GtePovLev_NFamHh_LvngAln_WthoutSocSecInc1999	70
UnrelIndPovStatDet_Inc1999GtePovLev_NFamHh_LvngAln_WthoutSocSecInc1999_WthPubAssInc1999	87
UnrelIndPovStatDet_Inc1999GtePovLev_NFamHh_LvngAln_WthoutSocSecInc1999_WthoutPubAssInc1999	90
UnrelIndPovStatDet_Inc1999GtePovLev_NFamHh_NotLivAln_WthSocSecInc1999	69
UnrelIndPovStatDet_Inc1999GtePovLev_NFamHh_NotLivAln_WthSocSecInc1999_WthPubAssInc1999	86
UnrelIndPovStatDet_Inc1999GtePovLev_NFamHh_NotLivAln_WthSocSecInc1999_WthoutPubAssInc1999	89
UnrelIndPovStatDet_Inc1999GtePovLev_NFamHh_NotLivAln_WthoutSocSecInc1999	72
UnrelIndPovStatDet_Inc1999GtePovLev_NFamHh_NotLivAln_WthoutSocSecInc1999_WthPubAssInc1999	89
UnrelIndPovStatDet_Inc1999GtePovLev_NFamHh_NotLivAln_WthoutSocSecInc1999_WthoutPubAssInc1999	92
UnrelIndPovStatDet_Inc1999GtePovLev_OthUnrelInd_WthSocSecInc1999_WthPubAssInc1999	81
UnrelIndPovStatDet_Inc1999GtePovLev_OthUnrelInd_WthSocSecInc1999_WthoutPubAssInc1999	84
UnrelIndPovStatDet_Inc1999GtePovLev_OthUnrelInd_WthoutSocSecInc1999	67
UnrelIndPovStatDet_Inc1999GtePovLev_OthUnrelInd_WthoutSocSecInc1999_WthPubAssInc1999	84
UnrelIndPovStatDet_Inc1999GtePovLev_OthUnrelInd_WthoutSocSecInc1999_WthoutPubAssInc1999	87
Fam_Inc1999LtPovLev_MarriedCplFam_WthSocSecInc1999_WthSSIPubAssInc1999	70
Fam_Inc1999LtPovLev_MarriedCplFam_WthSocSecInc1999_WthoutSSIPubAssInc1999	73
Fam_Inc1999LtPovLev_MarriedCplFam_WthoutSocSecInc1999_WthSSIPubAssInc1999	73
Fam_Inc1999LtPovLev_MarriedCplFam_WthoutSocSecInc1999_WthoutSSIPubAssInc1999	76
Fam_Inc1999LtPovLev_OthFam_MaleHhNoWife_WthSocSecInc1999_WthSSIPubAssInc1999	76
Fam_Inc1999LtPovLev_OthFam_MaleHhNoWife_WthSocSecInc1999_WthoutSSIPubAssInc1999	79
Fam_Inc1999LtPovLev_OthFam_MaleHhNoWife_WthoutSocSecInc1999_WthSSIPubAssInc1999	79
Fam_Inc1999LtPovLev_OthFam_MaleHhNoWife_WthoutSocSecInc1999_WthoutSSIPubAssInc1999	82
Fam_Inc1999LtPovLev_OthFam_FemHhNoHusb_WthSocSecInc1999_WthSSIPubAssInc1999	75
Fam_Inc1999LtPovLev_OthFam_FemHhNoHusb_WthSocSecInc1999_WthoutSSIPubAssInc1999	78
Fam_Inc1999LtPovLev_OthFam_FemHhNoHusb_WthoutSocSecInc1999_WthSSIPubAssInc1999	78
Fam_Inc1999LtPovLev_OthFam_FemHhNoHusb_WthoutSocSecInc1999_WthoutSSIPubAssInc1999	81
Fam_Inc1999GtePovLev_MarriedCplFam_WthSocSecInc1999_WthSSIPubAssInc1999	71
Fam_Inc1999GtePovLev_MarriedCplFam_WthSocSecInc1999_WthoutSSIPubAssInc1999	74
Fam_Inc1999GtePovLev_MarriedCplFam_WthoutSocSecInc1999_WthSSIPubAssInc1999	74
Fam_Inc1999GtePovLev_MarriedCplFam_WthoutSocSecInc1999_WthoutSSIPubAssInc1999	77
Fam_Inc1999GtePovLev_OthFam_MaleHhNoWife_WthSocSecInc1999_WthSSIPubAssInc1999	77
Fam_Inc1999GtePovLev_OthFam_MaleHhNoWife_WthSocSecInc1999_WthoutSSIPubAssInc1999	80
Fam_Inc1999GtePovLev_OthFam_MaleHhNoWife_WthoutSocSecInc1999_WthSSIPubAssInc1999	80
Fam_Inc1999GtePovLev_OthFam_MaleHhNoWife_WthoutSocSecInc1999_WthoutSSIPubAssInc1999	83
Fam_Inc1999GtePovLev_OthFam_FemHhNoHusb_WthSocSecInc1999_WthSSIPubAssInc1999	76
Fam_Inc1999GtePovLev_OthFam_FemHhNoHusb_WthSocSecInc1999_WthoutSSIPubAssInc1999	79
Fam_Inc1999GtePovLev_OthFam_FemHhNoHusb_WthoutSocSecInc1999_WthSSIPubAssInc1999	79
Fam_Inc1999GtePovLev_OthFam_FemHhNoHusb_WthoutSocSecInc1999_WthoutSSIPubAssInc1999	82
Fam_Inc1999LtPovLev_MarriedCplFam_HhWrkdFTyear1999_SpouseWrkdFTyear1999	71
Fam_Inc1999LtPovLev_MarriedCplFam_HhWrkdFTyear1999_SpouseWrkdLtFTyear1999	73
Fam_Inc1999LtPovLev_MarriedCplFam_HhWrkdFTyear1999_SpouseDidNotWork1999	71
Fam_Inc1999LtPovLev_MarriedCplFam_HhWrkdLtFTyear1999_SpouseWrkdFTyear1999	73
Fam_Inc1999LtPovLev_MarriedCplFam_HhWrkdLtFTyear1999_SpouseWrkdLtFTyear1999	75
Fam_Inc1999LtPovLev_MarriedCplFam_HhWrkdLtFTyear1999_SpouseDidNotWork1999	73
Fam_Inc1999LtPovLev_MarriedCplFam_HhNotWork1999_SpouseWrkdFTyear1999	68
Fam_Inc1999LtPovLev_MarriedCplFam_HhNotWork1999_SpouseWrkdLtFTyear1999	70
Fam_Inc1999LtPovLev_MarriedCplFam_HhNotWork1999_SpouseDidNotWork1999	68
Fam_Inc1999GtePovLev_MarriedCplFam_HhWrkdFTyear1999_SpouseWrkdFTyear1999	72
Fam_Inc1999GtePovLev_MarriedCplFam_HhWrkdFTyear1999_SpouseWrkdLtFTyear1999	74
Fam_Inc1999GtePovLev_MarriedCplFam_HhWrkdFTyear1999_SpouseDidNotWork1999	72
Fam_Inc1999GtePovLev_MarriedCplFam_HhWrkdLtFTyear1999_SpouseWrkdFTyear1999	74
Fam_Inc1999GtePovLev_MarriedCplFam_HhWrkdLtFTyear1999_SpouseWrkdLtFTyear1999	76
Fam_Inc1999GtePovLev_MarriedCplFam_HhWrkdLtFTyear1999_SpouseDidNotWork1999	74
Fam_Inc1999GtePovLev_MarriedCplFam_HhNotWork1999_SpouseWrkdFTyear1999	69
Fam_Inc1999GtePovLev_MarriedCplFam_HhNotWork1999_SpouseWrkdLtFTyear1999	71
Fam_Inc1999GtePovLev_MarriedCplFam_HhNotWork1999_SpouseDidNotWork1999	69
BlkAfAmerAlnPopGte5y_DiffHouse1995_InUS1995_DiffCnty_DiffSt_NorthEast	69
BlkAfAmerAlnPopGte5y_DiffHouse1995_InUS1995_DiffCnty_DiffSt_MidWest	67
BlkAfAmerAlnPopGte5y_DiffHouse1995_InUS1995_DiffCnty_DiffSt_South	65
AmIndAkNatAlnPopGte5y_DiffHouse1995_InUS1995_DiffCnty_DiffSt_NorthEast	70
AmIndAkNatAlnPopGte5y_DiffHouse1995_InUS1995_DiffCnty_DiffSt_MidWest	68
AmIndAkNatAlnPopGte5y_DiffHouse1995_InUS1995_DiffCnty_DiffSt_South	66
AmIndAkNatAlnPopGte5y_DiffHouse1995_InUS1995_DiffCnty_DiffSt_West	65
NatHiPacIslAlnPopGte5y_DiffHouse1995_InUS1995_DiffCnty_DiffSt_NorthEast	71
NatHiPacIslAlnPopGte5y_DiffHouse1995_InUS1995_DiffCnty_DiffSt_MidWest	69
NatHiPacIslAlnPopGte5y_DiffHouse1995_InUS1995_DiffCnty_DiffSt_South	67
NatHiPacIslAlnPopGte5y_DiffHouse1995_InUS1995_DiffCnty_DiffSt_West	66
SmeOthRaceAlnPopGte5y_DiffHouse1995_InUS1995_DiffCnty_DiffSt_NorthEast	70
SmeOthRaceAlnPopGte5y_DiffHouse1995_InUS1995_DiffCnty_DiffSt_MidWest	68
SmeOthRaceAlnPopGte5y_DiffHouse1995_InUS1995_DiffCnty_DiffSt_South	66
SmeOthRaceAlnPopGte5y_DiffHouse1995_InUS1995_DiffCnty_DiffSt_West	65
Gte2racesPopGte5y_DiffHouse1995_InUS1995_DiffCnty_DiffSt_NorthEast	66
WhtAlnNotHispLatPopGte5y_DiffHouse1995_InUS1995_DiffCnty_DiffSt_NorthEast	73
WhtAlnNotHispLatPopGte5y_DiffHouse1995_InUS1995_DiffCnty_DiffSt_MidWest	71
WhtAlnNotHispLatPopGte5y_DiffHouse1995_InUS1995_DiffCnty_DiffSt_South	69
WhtAlnNotHispLatPopGte5y_DiffHouse1995_InUS1995_DiffCnty_DiffSt_West	68
TotDisabCivNInstWhtAlnPopGte5yDisab_TotDisabPeople5to15y_SensDisab	66
TotDisabCivNInstWhtAlnPopGte5yDisab_TotDisabPeople5to15y_PhysDisab	66
TotDisabCivNInstWhtAlnPopGte5yDisab_TotDisabPeople5to15y_MentDisab	66
TotDisabCivNInstWhtAlnPopGte5yDisab_TotDisabPeople5to15y_SelfCareDisab	70
TotDisabCivNInstWhtAlnPopGte5yDisab_TotDisabPeople16to64y_SensDisab	67
TotDisabCivNInstWhtAlnPopGte5yDisab_TotDisabPeople16to64y_PhysDisab	67
TotDisabCivNInstWhtAlnPopGte5yDisab_TotDisabPeople16to64y_MentDisab	67
TotDisabCivNInstWhtAlnPopGte5yDisab_TotDisabPeople16to64y_SelfCareDisab	71
TotDisabCivNInstWhtAlnPopGte5yDisab_TotDisabPeople16to64y_GoOutDisab	68
TotDisabCivNInstWhtAlnPopGte5yDisab_TotDisabPeople16to64y_EmplDisab	67
TotDisabCivNInstWhtAlnPopGte5yDisab_TotDisabPeopleGte65y_SensDisab	66
TotDisabCivNInstWhtAlnPopGte5yDisab_TotDisabPeopleGte65y_PhysDisab	66
TotDisabCivNInstWhtAlnPopGte5yDisab_TotDisabPeopleGte65y_MentDisab	66
TotDisabCivNInstWhtAlnPopGte5yDisab_TotDisabPeopleGte65y_SelfCareDisab	70
TotDisabCivNInstWhtAlnPopGte5yDisab_TotDisabPeopleGte65y_GoOutDisab	67
TotDisabCivNInstBlkAfAmerAlnPopGte5yDisab_TotDisabPeople5to15y_SensDisab	72
TotDisabCivNInstBlkAfAmerAlnPopGte5yDisab_TotDisabPeople5to15y_PhysDisab	72
TotDisabCivNInstBlkAfAmerAlnPopGte5yDisab_TotDisabPeople5to15y_MentDisab	72
TotDisabCivNInstBlkAfAmerAlnPopGte5yDisab_TotDisabPeople5to15y_SelfCareDisab	76
TotDisabCivNInstBlkAfAmerAlnPopGte5yDisab_TotDisabPeople16to64y_SensDisab	73
TotDisabCivNInstBlkAfAmerAlnPopGte5yDisab_TotDisabPeople16to64y_PhysDisab	73
TotDisabCivNInstBlkAfAmerAlnPopGte5yDisab_TotDisabPeople16to64y_MentDisab	73
TotDisabCivNInstBlkAfAmerAlnPopGte5yDisab_TotDisabPeople16to64y_SelfCareDisab	77
TotDisabCivNInstBlkAfAmerAlnPopGte5yDisab_TotDisabPeople16to64y_GoOutDisab	74
TotDisabCivNInstBlkAfAmerAlnPopGte5yDisab_TotDisabPeople16to64y_EmplDisab	73
TotDisabCivNInstBlkAfAmerAlnPopGte5yDisab_TotDisabPeopleGte65y_SensDisab	72
TotDisabCivNInstBlkAfAmerAlnPopGte5yDisab_TotDisabPeopleGte65y_PhysDisab	72
TotDisabCivNInstBlkAfAmerAlnPopGte5yDisab_TotDisabPeopleGte65y_MentDisab	72
TotDisabCivNInstBlkAfAmerAlnPopGte5yDisab_TotDisabPeopleGte65y_SelfCareDisab	76
TotDisabCivNInstBlkAfAmerAlnPopGte5yDisab_TotDisabPeopleGte65y_GoOutDisab	73
TotDisabCivNInstAmIndAkNatAlnPopGte5yDisab_TotDisabPeople5to15y_SensDisab	73
TotDisabCivNInstAmIndAkNatAlnPopGte5yDisab_TotDisabPeople5to15y_PhysDisab	73
TotDisabCivNInstAmIndAkNatAlnPopGte5yDisab_TotDisabPeople5to15y_MentDisab	73
TotDisabCivNInstAmIndAkNatAlnPopGte5yDisab_TotDisabPeople5to15y_SelfCareDisab	77
TotDisabCivNInstAmIndAkNatAlnPopGte5yDisab_TotDisabPeople16to64y_SensDisab	74
TotDisabCivNInstAmIndAkNatAlnPopGte5yDisab_TotDisabPeople16to64y_PhysDisab	74
TotDisabCivNInstAmIndAkNatAlnPopGte5yDisab_TotDisabPeople16to64y_MentDisab	74
TotDisabCivNInstAmIndAkNatAlnPopGte5yDisab_TotDisabPeople16to64y_SelfCareDisab	78
TotDisabCivNInstAmIndAkNatAlnPopGte5yDisab_TotDisabPeople16to64y_GoOutDisab	75
TotDisabCivNInstAmIndAkNatAlnPopGte5yDisab_TotDisabPeople16to64y_EmplDisab	74
TotDisabCivNInstAmIndAkNatAlnPopGte5yDisab_TotDisabPeopleGte65y_SensDisab	73
TotDisabCivNInstAmIndAkNatAlnPopGte5yDisab_TotDisabPeopleGte65y_PhysDisab	73
TotDisabCivNInstAmIndAkNatAlnPopGte5yDisab_TotDisabPeopleGte65y_MentDisab	73
TotDisabCivNInstAmIndAkNatAlnPopGte5yDisab_TotDisabPeopleGte65y_SelfCareDisab	77
TotDisabCivNInstAmIndAkNatAlnPopGte5yDisab_TotDisabPeopleGte65y_GoOutDisab	74
TotDisabCivNInstAsnAlnPopGte5yDisab_TotDisabPeople5to15y_SensDisab	66
TotDisabCivNInstAsnAlnPopGte5yDisab_TotDisabPeople5to15y_PhysDisab	66
TotDisabCivNInstAsnAlnPopGte5yDisab_TotDisabPeople5to15y_MentDisab	66
TotDisabCivNInstAsnAlnPopGte5yDisab_TotDisabPeople5to15y_SelfCareDisab	70
TotDisabCivNInstAsnAlnPopGte5yDisab_TotDisabPeople16to64y_SensDisab	67
TotDisabCivNInstAsnAlnPopGte5yDisab_TotDisabPeople16to64y_PhysDisab	67
TotDisabCivNInstAsnAlnPopGte5yDisab_TotDisabPeople16to64y_MentDisab	67
TotDisabCivNInstAsnAlnPopGte5yDisab_TotDisabPeople16to64y_SelfCareDisab	71
TotDisabCivNInstAsnAlnPopGte5yDisab_TotDisabPeople16to64y_GoOutDisab	68
TotDisabCivNInstAsnAlnPopGte5yDisab_TotDisabPeople16to64y_EmplDisab	67
TotDisabCivNInstAsnAlnPopGte5yDisab_TotDisabPeopleGte65y_SensDisab	66
TotDisabCivNInstAsnAlnPopGte5yDisab_TotDisabPeopleGte65y_PhysDisab	66
TotDisabCivNInstAsnAlnPopGte5yDisab_TotDisabPeopleGte65y_MentDisab	66
TotDisabCivNInstAsnAlnPopGte5yDisab_TotDisabPeopleGte65y_SelfCareDisab	70
TotDisabCivNInstAsnAlnPopGte5yDisab_TotDisabPeopleGte65y_GoOutDisab	67
TotDisabCivNInstNatHiPacIslAlnPopGte5yDisab_TotDisabPeople5to15y_SensDisab	74
TotDisabCivNInstNatHiPacIslAlnPopGte5yDisab_TotDisabPeople5to15y_PhysDisab	74
TotDisabCivNInstNatHiPacIslAlnPopGte5yDisab_TotDisabPeople5to15y_MentDisab	74
TotDisabCivNInstNatHiPacIslAlnPopGte5yDisab_TotDisabPeople5to15y_SelfCareDisab	78
TotDisabCivNInstNatHiPacIslAlnPopGte5yDisab_TotDisabPeople16to64y	65
TotDisabCivNInstNatHiPacIslAlnPopGte5yDisab_TotDisabPeople16to64y_SensDisab	75
TotDisabCivNInstNatHiPacIslAlnPopGte5yDisab_TotDisabPeople16to64y_PhysDisab	75
TotDisabCivNInstNatHiPacIslAlnPopGte5yDisab_TotDisabPeople16to64y_MentDisab	75
TotDisabCivNInstNatHiPacIslAlnPopGte5yDisab_TotDisabPeople16to64y_SelfCareDisab	79
TotDisabCivNInstNatHiPacIslAlnPopGte5yDisab_TotDisabPeople16to64y_GoOutDisab	76
TotDisabCivNInstNatHiPacIslAlnPopGte5yDisab_TotDisabPeople16to64y_EmplDisab	75
TotDisabCivNInstNatHiPacIslAlnPopGte5yDisab_TotDisabPeopleGte65y_SensDisab	74
TotDisabCivNInstNatHiPacIslAlnPopGte5yDisab_TotDisabPeopleGte65y_PhysDisab	74
TotDisabCivNInstNatHiPacIslAlnPopGte5yDisab_TotDisabPeopleGte65y_MentDisab	74
TotDisabCivNInstNatHiPacIslAlnPopGte5yDisab_TotDisabPeopleGte65y_SelfCareDisab	78
TotDisabCivNInstNatHiPacIslAlnPopGte5yDisab_TotDisabPeopleGte65y_GoOutDisab	75
TotDisabCivNInstSmeOthRaceAlnPopGte5yDisab_TotDisabPeople5to15y_SensDisab	73
TotDisabCivNInstSmeOthRaceAlnPopGte5yDisab_TotDisabPeople5to15y_PhysDisab	73
TotDisabCivNInstSmeOthRaceAlnPopGte5yDisab_TotDisabPeople5to15y_MentDisab	73
TotDisabCivNInstSmeOthRaceAlnPopGte5yDisab_TotDisabPeople5to15y_SelfCareDisab	77
TotDisabCivNInstSmeOthRaceAlnPopGte5yDisab_TotDisabPeople16to64y_SensDisab	74
TotDisabCivNInstSmeOthRaceAlnPopGte5yDisab_TotDisabPeople16to64y_PhysDisab	74
TotDisabCivNInstSmeOthRaceAlnPopGte5yDisab_TotDisabPeople16to64y_MentDisab	74
TotDisabCivNInstSmeOthRaceAlnPopGte5yDisab_TotDisabPeople16to64y_SelfCareDisab	78
TotDisabCivNInstSmeOthRaceAlnPopGte5yDisab_TotDisabPeople16to64y_GoOutDisab	75
TotDisabCivNInstSmeOthRaceAlnPopGte5yDisab_TotDisabPeople16to64y_EmplDisab	74
TotDisabCivNInstSmeOthRaceAlnPopGte5yDisab_TotDisabPeopleGte65y_SensDisab	73
TotDisabCivNInstSmeOthRaceAlnPopGte5yDisab_TotDisabPeopleGte65y_PhysDisab	73
TotDisabCivNInstSmeOthRaceAlnPopGte5yDisab_TotDisabPeopleGte65y_MentDisab	73
TotDisabCivNInstSmeOthRaceAlnPopGte5yDisab_TotDisabPeopleGte65y_SelfCareDisab	77
TotDisabCivNInstSmeOthRaceAlnPopGte5yDisab_TotDisabPeopleGte65y_GoOutDisab	74
TotDisabCivNInstGte2racesPopGte5yDisab_TotDisabPeople5to15y_SensDisab	69
TotDisabCivNInstGte2racesPopGte5yDisab_TotDisabPeople5to15y_PhysDisab	69
TotDisabCivNInstGte2racesPopGte5yDisab_TotDisabPeople5to15y_MentDisab	69
TotDisabCivNInstGte2racesPopGte5yDisab_TotDisabPeople5to15y_SelfCareDisab	73
TotDisabCivNInstGte2racesPopGte5yDisab_TotDisabPeople16to64y_SensDisab	70
TotDisabCivNInstGte2racesPopGte5yDisab_TotDisabPeople16to64y_PhysDisab	70
TotDisabCivNInstGte2racesPopGte5yDisab_TotDisabPeople16to64y_MentDisab	70
TotDisabCivNInstGte2racesPopGte5yDisab_TotDisabPeople16to64y_SelfCareDisab	74
TotDisabCivNInstGte2racesPopGte5yDisab_TotDisabPeople16to64y_GoOutDisab	71
TotDisabCivNInstGte2racesPopGte5yDisab_TotDisabPeople16to64y_EmplDisab	70
TotDisabCivNInstGte2racesPopGte5yDisab_TotDisabPeopleGte65y_SensDisab	69
TotDisabCivNInstGte2racesPopGte5yDisab_TotDisabPeopleGte65y_PhysDisab	69
TotDisabCivNInstGte2racesPopGte5yDisab_TotDisabPeopleGte65y_MentDisab	69
TotDisabCivNInstGte2racesPopGte5yDisab_TotDisabPeopleGte65y_SelfCareDisab	73
TotDisabCivNInstGte2racesPopGte5yDisab_TotDisabPeopleGte65y_GoOutDisab	70
TotDisabCivNInstHispLatPopGte5yDisab_TotDisabPeople5to15y_SensDisab	67
TotDisabCivNInstHispLatPopGte5yDisab_TotDisabPeople5to15y_PhysDisab	67
TotDisabCivNInstHispLatPopGte5yDisab_TotDisabPeople5to15y_MentDisab	67
TotDisabCivNInstHispLatPopGte5yDisab_TotDisabPeople5to15y_SelfCareDisab	71
TotDisabCivNInstHispLatPopGte5yDisab_TotDisabPeople16to64y_SensDisab	68
TotDisabCivNInstHispLatPopGte5yDisab_TotDisabPeople16to64y_PhysDisab	68
TotDisabCivNInstHispLatPopGte5yDisab_TotDisabPeople16to64y_MentDisab	68
TotDisabCivNInstHispLatPopGte5yDisab_TotDisabPeople16to64y_SelfCareDisab	72
TotDisabCivNInstHispLatPopGte5yDisab_TotDisabPeople16to64y_GoOutDisab	69
TotDisabCivNInstHispLatPopGte5yDisab_TotDisabPeople16to64y_EmplDisab	68
TotDisabCivNInstHispLatPopGte5yDisab_TotDisabPeopleGte65y_SensDisab	67
TotDisabCivNInstHispLatPopGte5yDisab_TotDisabPeopleGte65y_PhysDisab	67
TotDisabCivNInstHispLatPopGte5yDisab_TotDisabPeopleGte65y_MentDisab	67
TotDisabCivNInstHispLatPopGte5yDisab_TotDisabPeopleGte65y_SelfCareDisab	71
TotDisabCivNInstHispLatPopGte5yDisab_TotDisabPeopleGte65y_GoOutDisab	68
TotDisabCivNInstWhtAlnNotHispLatPopGte5yDisab_TotDisabPeople5to15y	66
TotDisabCivNInstWhtAlnNotHispLatPopGte5yDisab_TotDisabPeople5to15y_SensDisab	76
TotDisabCivNInstWhtAlnNotHispLatPopGte5yDisab_TotDisabPeople5to15y_PhysDisab	76
TotDisabCivNInstWhtAlnNotHispLatPopGte5yDisab_TotDisabPeople5to15y_MentDisab	76
TotDisabCivNInstWhtAlnNotHispLatPopGte5yDisab_TotDisabPeople5to15y_SelfCareDisab	80
TotDisabCivNInstWhtAlnNotHispLatPopGte5yDisab_TotDisabPeople16to64y	67
TotDisabCivNInstWhtAlnNotHispLatPopGte5yDisab_TotDisabPeople16to64y_SensDisab	77
TotDisabCivNInstWhtAlnNotHispLatPopGte5yDisab_TotDisabPeople16to64y_PhysDisab	77
TotDisabCivNInstWhtAlnNotHispLatPopGte5yDisab_TotDisabPeople16to64y_MentDisab	77
TotDisabCivNInstWhtAlnNotHispLatPopGte5yDisab_TotDisabPeople16to64y_SelfCareDisab	81
TotDisabCivNInstWhtAlnNotHispLatPopGte5yDisab_TotDisabPeople16to64y_GoOutDisab	78
TotDisabCivNInstWhtAlnNotHispLatPopGte5yDisab_TotDisabPeople16to64y_EmplDisab	77
TotDisabCivNInstWhtAlnNotHispLatPopGte5yDisab_TotDisabPeopleGte65y	66
TotDisabCivNInstWhtAlnNotHispLatPopGte5yDisab_TotDisabPeopleGte65y_SensDisab	76
TotDisabCivNInstWhtAlnNotHispLatPopGte5yDisab_TotDisabPeopleGte65y_PhysDisab	76
TotDisabCivNInstWhtAlnNotHispLatPopGte5yDisab_TotDisabPeopleGte65y_MentDisab	76
TotDisabCivNInstWhtAlnNotHispLatPopGte5yDisab_TotDisabPeopleGte65y_SelfCareDisab	80
TotDisabCivNInstWhtAlnNotHispLatPopGte5yDisab_TotDisabPeopleGte65y_GoOutDisab	77
WhtAlnFemGte16y_WthOwnChldLt18y_Lt6yand6to17y_InLaborFor_EmplOrArmFor	69
WhtAlnFemGte16y_WthOwnChldLt18y_6to17yOnly_InLaborFor_EmplOrArmFor	66
BlkAfAmerAlnFemGte16y_WthOwnChldLt18y_Lt6yOnly_InLaborFor_EmplOrArmFor	70
BlkAfAmerAlnFemGte16y_WthOwnChldLt18y_Lt6yand6to17y_InLaborFor_EmplOrArmFor	75
BlkAfAmerAlnFemGte16y_WthOwnChldLt18y_Lt6yand6to17y_InLaborFor_Unempl	69
BlkAfAmerAlnFemGte16y_WthOwnChldLt18y_6to17yOnly_InLaborFor_EmplOrArmFor	72
BlkAfAmerAlnFemGte16y_WthOwnChldLt18y_6to17yOnly_InLaborFor_Unempl	66
AmIndAkNatAlnFemGte16y_WthOwnChldLt18y_Lt6yOnly_InLaborFor_EmplOrArmFor	71
AmIndAkNatAlnFemGte16y_WthOwnChldLt18y_Lt6yOnly_InLaborFor_Unempl	65
AmIndAkNatAlnFemGte16y_WthOwnChldLt18y_Lt6yand6to17y_InLaborFor_EmplOrArmFor	76
AmIndAkNatAlnFemGte16y_WthOwnChldLt18y_Lt6yand6to17y_InLaborFor_Unempl	70
AmIndAkNatAlnFemGte16y_WthOwnChldLt18y_6to17yOnly_InLaborFor_EmplOrArmFor	73
AmIndAkNatAlnFemGte16y_WthOwnChldLt18y_6to17yOnly_InLaborFor_Unempl	67
AsnAlnFemGte16y_WthOwnChldLt18y_Lt6yand6to17y_InLaborFor_EmplOrArmFor	69
AsnAlnFemGte16y_WthOwnChldLt18y_6to17yOnly_InLaborFor_EmplOrArmFor	66
NatHiPacIslAlnFemGte16y_WthOwnChldLt18y_Lt6yOnly_InLaborFor_EmplOrArmFor	72
NatHiPacIslAlnFemGte16y_WthOwnChldLt18y_Lt6yOnly_InLaborFor_Unempl	66
NatHiPacIslAlnFemGte16y_WthOwnChldLt18y_Lt6yand6to17y_InLaborFor_EmplOrArmFor	77
NatHiPacIslAlnFemGte16y_WthOwnChldLt18y_Lt6yand6to17y_InLaborFor_Unempl	71
NatHiPacIslAlnFemGte16y_WthOwnChldLt18y_Lt6yand6to17y_NotLaborFor	65
NatHiPacIslAlnFemGte16y_WthOwnChldLt18y_6to17yOnly_InLaborFor_EmplOrArmFor	74
NatHiPacIslAlnFemGte16y_WthOwnChldLt18y_6to17yOnly_InLaborFor_Unempl	68
SmeOthRaceAlnFemGte16y_WthOwnChldLt18y_Lt6yOnly_InLaborFor_EmplOrArmFor	71
SmeOthRaceAlnFemGte16y_WthOwnChldLt18y_Lt6yOnly_InLaborFor_Unempl	65
SmeOthRaceAlnFemGte16y_WthOwnChldLt18y_Lt6yand6to17y_InLaborFor_EmplOrArmFor	76
SmeOthRaceAlnFemGte16y_WthOwnChldLt18y_Lt6yand6to17y_InLaborFor_Unempl	70
SmeOthRaceAlnFemGte16y_WthOwnChldLt18y_6to17yOnly_InLaborFor_EmplOrArmFor	73
SmeOthRaceAlnFemGte16y_WthOwnChldLt18y_6to17yOnly_InLaborFor_Unempl	67
Gte2racesFemGte16y_WthOwnChldLt18y_Lt6yOnly_InLaborFor_EmplOrArmFor	67
Gte2racesFemGte16y_WthOwnChldLt18y_Lt6yand6to17y_InLaborFor_EmplOrArmFor	72
Gte2racesFemGte16y_WthOwnChldLt18y_Lt6yand6to17y_InLaborFor_Unempl	66
Gte2racesFemGte16y_WthOwnChldLt18y_6to17yOnly_InLaborFor_EmplOrArmFor	69
HispLatFemGte16y_WthOwnChldLt18y_Lt6yOnly_InLaborFor_EmplOrArmFor	65
HispLatFemGte16y_WthOwnChldLt18y_Lt6yand6to17y_InLaborFor_EmplOrArmFor	70
HispLatFemGte16y_WthOwnChldLt18y_6to17yOnly_InLaborFor_EmplOrArmFor	67
WhtAlnNotHispLatFemGte16y_WthOwnChldLt18y_Lt6yOnly_InLaborFor_EmplOrArmFor	74
WhtAlnNotHispLatFemGte16y_WthOwnChldLt18y_Lt6yOnly_InLaborFor_Unempl	68
WhtAlnNotHispLatFemGte16y_WthOwnChldLt18y_Lt6yand6to17y_InLaborFor	66
WhtAlnNotHispLatFemGte16y_WthOwnChldLt18y_Lt6yand6to17y_InLaborFor_EmplOrArmFor	79
WhtAlnNotHispLatFemGte16y_WthOwnChldLt18y_Lt6yand6to17y_InLaborFor_Unempl	73
WhtAlnNotHispLatFemGte16y_WthOwnChldLt18y_Lt6yand6to17y_NotLaborFor	67
WhtAlnNotHispLatFemGte16y_WthOwnChldLt18y_6to17yOnly_InLaborFor_EmplOrArmFor	76
WhtAlnNotHispLatFemGte16y_WthOwnChldLt18y_6to17yOnly_InLaborFor_Unempl	70
WhtAlnOwnChldLt18yFamSubFam_6to17y_LvngW1par_LvngWFath_InLaborFor	65
WhtAlnOwnChldLt18yFamSubFam_6to17y_LvngW1par_LvngWFath_NotLaborFor	66
WhtAlnOwnChldLt18yFamSubFam_6to17y_LvngW1par_LvngWMoth_InLaborFor	65
WhtAlnOwnChldLt18yFamSubFam_6to17y_LvngW1par_LvngWMoth_NotLaborFor	66
BlkAfAmerAlnOwnChldLt18yFamSubFam_Lt6y_LvngW2par_FathOnlyLaborFor	65
BlkAfAmerAlnOwnChldLt18yFamSubFam_Lt6y_LvngW2par_MothOnlyLaborFor	65
BlkAfAmerAlnOwnChldLt18yFamSubFam_Lt6y_LvngW1par_LvngWFath_InLaborFor	69
BlkAfAmerAlnOwnChldLt18yFamSubFam_Lt6y_LvngW1par_LvngWFath_NotLaborFor	70
BlkAfAmerAlnOwnChldLt18yFamSubFam_Lt6y_LvngW1par_LvngWMoth_InLaborFor	69
BlkAfAmerAlnOwnChldLt18yFamSubFam_Lt6y_LvngW1par_LvngWMoth_NotLaborFor	70
BlkAfAmerAlnOwnChldLt18yFamSubFam_6to17y_LvngW2par_BthParLaborFor	65
BlkAfAmerAlnOwnChldLt18yFamSubFam_6to17y_LvngW2par_FathOnlyLaborFor	67
BlkAfAmerAlnOwnChldLt18yFamSubFam_6to17y_LvngW2par_MothOnlyLaborFor	67
BlkAfAmerAlnOwnChldLt18yFamSubFam_6to17y_LvngW2par_NeitParLaborFor	66
BlkAfAmerAlnOwnChldLt18yFamSubFam_6to17y_LvngW1par_LvngWFath_InLaborFor	71
BlkAfAmerAlnOwnChldLt18yFamSubFam_6to17y_LvngW1par_LvngWFath_NotLaborFor	72
BlkAfAmerAlnOwnChldLt18yFamSubFam_6to17y_LvngW1par_LvngWMoth_InLaborFor	71
BlkAfAmerAlnOwnChldLt18yFamSubFam_6to17y_LvngW1par_LvngWMoth_NotLaborFor	72
AmIndAkNatAlnOwnChldLt18yFamSubFam_Lt6y_LvngW2par_FathOnlyLaborFor	66
AmIndAkNatAlnOwnChldLt18yFamSubFam_Lt6y_LvngW2par_MothOnlyLaborFor	66
AmIndAkNatAlnOwnChldLt18yFamSubFam_Lt6y_LvngW2par_NeitParLaborFor	65
AmIndAkNatAlnOwnChldLt18yFamSubFam_Lt6y_LvngW1par_LvngWFath_InLaborFor	70
AmIndAkNatAlnOwnChldLt18yFamSubFam_Lt6y_LvngW1par_LvngWFath_NotLaborFor	71
AmIndAkNatAlnOwnChldLt18yFamSubFam_Lt6y_LvngW1par_LvngWMoth_InLaborFor	70
AmIndAkNatAlnOwnChldLt18yFamSubFam_Lt6y_LvngW1par_LvngWMoth_NotLaborFor	71
AmIndAkNatAlnOwnChldLt18yFamSubFam_6to17y_LvngW2par_BthParLaborFor	66
AmIndAkNatAlnOwnChldLt18yFamSubFam_6to17y_LvngW2par_FathOnlyLaborFor	68
AmIndAkNatAlnOwnChldLt18yFamSubFam_6to17y_LvngW2par_MothOnlyLaborFor	68
AmIndAkNatAlnOwnChldLt18yFamSubFam_6to17y_LvngW2par_NeitParLaborFor	67
AmIndAkNatAlnOwnChldLt18yFamSubFam_6to17y_LvngW1par_LvngWFath_InLaborFor	72
AmIndAkNatAlnOwnChldLt18yFamSubFam_6to17y_LvngW1par_LvngWFath_NotLaborFor	73
AmIndAkNatAlnOwnChldLt18yFamSubFam_6to17y_LvngW1par_LvngWMoth_InLaborFor	72
AmIndAkNatAlnOwnChldLt18yFamSubFam_6to17y_LvngW1par_LvngWMoth_NotLaborFor	73
AsnAlnOwnChldLt18yFamSubFam_6to17y_LvngW1par_LvngWFath_InLaborFor	65
AsnAlnOwnChldLt18yFamSubFam_6to17y_LvngW1par_LvngWFath_NotLaborFor	66
AsnAlnOwnChldLt18yFamSubFam_6to17y_LvngW1par_LvngWMoth_InLaborFor	65
AsnAlnOwnChldLt18yFamSubFam_6to17y_LvngW1par_LvngWMoth_NotLaborFor	66
NatHiPacIslAlnOwnChldLt18yFamSubFam_Lt6y_LvngW2par_BthParLaborFor	65
NatHiPacIslAlnOwnChldLt18yFamSubFam_Lt6y_LvngW2par_FathOnlyLaborFor	67
NatHiPacIslAlnOwnChldLt18yFamSubFam_Lt6y_LvngW2par_MothOnlyLaborFor	67
NatHiPacIslAlnOwnChldLt18yFamSubFam_Lt6y_LvngW2par_NeitParLaborFor	66
NatHiPacIslAlnOwnChldLt18yFamSubFam_Lt6y_LvngW1par_LvngWFath_InLaborFor	71
NatHiPacIslAlnOwnChldLt18yFamSubFam_Lt6y_LvngW1par_LvngWFath_NotLaborFor	72
NatHiPacIslAlnOwnChldLt18yFamSubFam_Lt6y_LvngW1par_LvngWMoth_InLaborFor	71
NatHiPacIslAlnOwnChldLt18yFamSubFam_Lt6y_LvngW1par_LvngWMoth_NotLaborFor	72
NatHiPacIslAlnOwnChldLt18yFamSubFam_6to17y_LvngW2par_BthParLaborFor	67
NatHiPacIslAlnOwnChldLt18yFamSubFam_6to17y_LvngW2par_FathOnlyLaborFor	69
NatHiPacIslAlnOwnChldLt18yFamSubFam_6to17y_LvngW2par_MothOnlyLaborFor	69
NatHiPacIslAlnOwnChldLt18yFamSubFam_6to17y_LvngW2par_NeitParLaborFor	68
NatHiPacIslAlnOwnChldLt18yFamSubFam_6to17y_LvngW1par_LvngWFath_InLaborFor	73
NatHiPacIslAlnOwnChldLt18yFamSubFam_6to17y_LvngW1par_LvngWFath_NotLaborFor	74
NatHiPacIslAlnOwnChldLt18yFamSubFam_6to17y_LvngW1par_LvngWMoth_InLaborFor	73
NatHiPacIslAlnOwnChldLt18yFamSubFam_6to17y_LvngW1par_LvngWMoth_NotLaborFor	74
SmeOthRaceAlnOwnChldLt18yFamSubFam_Lt6y_LvngW2par_FathOnlyLaborFor	66
SmeOthRaceAlnOwnChldLt18yFamSubFam_Lt6y_LvngW2par_MothOnlyLaborFor	66
SmeOthRaceAlnOwnChldLt18yFamSubFam_Lt6y_LvngW2par_NeitParLaborFor	65
SmeOthRaceAlnOwnChldLt18yFamSubFam_Lt6y_LvngW1par_LvngWFath_InLaborFor	70
SmeOthRaceAlnOwnChldLt18yFamSubFam_Lt6y_LvngW1par_LvngWFath_NotLaborFor	71
SmeOthRaceAlnOwnChldLt18yFamSubFam_Lt6y_LvngW1par_LvngWMoth_InLaborFor	70
SmeOthRaceAlnOwnChldLt18yFamSubFam_Lt6y_LvngW1par_LvngWMoth_NotLaborFor	71
SmeOthRaceAlnOwnChldLt18yFamSubFam_6to17y_LvngW2par_BthParLaborFor	66
SmeOthRaceAlnOwnChldLt18yFamSubFam_6to17y_LvngW2par_FathOnlyLaborFor	68
SmeOthRaceAlnOwnChldLt18yFamSubFam_6to17y_LvngW2par_MothOnlyLaborFor	68
SmeOthRaceAlnOwnChldLt18yFamSubFam_6to17y_LvngW2par_NeitParLaborFor	67
SmeOthRaceAlnOwnChldLt18yFamSubFam_6to17y_LvngW1par_LvngWFath_InLaborFor	72
SmeOthRaceAlnOwnChldLt18yFamSubFam_6to17y_LvngW1par_LvngWFath_NotLaborFor	73
SmeOthRaceAlnOwnChldLt18yFamSubFam_6to17y_LvngW1par_LvngWMoth_InLaborFor	72
SmeOthRaceAlnOwnChldLt18yFamSubFam_6to17y_LvngW1par_LvngWMoth_NotLaborFor	73
Gte2racesOwnChldLt18yFamSubFam_Lt6y_LvngW1par_LvngWFath_InLaborFor	66
Gte2racesOwnChldLt18yFamSubFam_Lt6y_LvngW1par_LvngWFath_NotLaborFor	67
Gte2racesOwnChldLt18yFamSubFam_Lt6y_LvngW1par_LvngWMoth_InLaborFor	66
Gte2racesOwnChldLt18yFamSubFam_Lt6y_LvngW1par_LvngWMoth_NotLaborFor	67
Gte2racesOwnChldLt18yFamSubFam_6to17y_LvngW1par_LvngWFath_InLaborFor	68
Gte2racesOwnChldLt18yFamSubFam_6to17y_LvngW1par_LvngWFath_NotLaborFor	69
Gte2racesOwnChldLt18yFamSubFam_6to17y_LvngW1par_LvngWMoth_InLaborFor	68
Gte2racesOwnChldLt18yFamSubFam_6to17y_LvngW1par_LvngWMoth_NotLaborFor	69
HispLatOwnChldLt18yFamSubFam_Lt6y_LvngW1par_LvngWFath_NotLaborFor	65
HispLatOwnChldLt18yFamSubFam_Lt6y_LvngW1par_LvngWMoth_NotLaborFor	65
HispLatOwnChldLt18yFamSubFam_6to17y_LvngW1par_LvngWFath_InLaborFor	66
HispLatOwnChldLt18yFamSubFam_6to17y_LvngW1par_LvngWFath_NotLaborFor	67
HispLatOwnChldLt18yFamSubFam_6to17y_LvngW1par_LvngWMoth_InLaborFor	66
HispLatOwnChldLt18yFamSubFam_6to17y_LvngW1par_LvngWMoth_NotLaborFor	67
WhtAlnNotHispLatOwnChldLt18yFamSubFam_Lt6y_LvngW2par_BthParLaborFor	67
WhtAlnNotHispLatOwnChldLt18yFamSubFam_Lt6y_LvngW2par_FathOnlyLaborFor	69
WhtAlnNotHispLatOwnChldLt18yFamSubFam_Lt6y_LvngW2par_MothOnlyLaborFor	69
WhtAlnNotHispLatOwnChldLt18yFamSubFam_Lt6y_LvngW2par_NeitParLaborFor	68
WhtAlnNotHispLatOwnChldLt18yFamSubFam_Lt6y_LvngW1par_LvngWFath_InLaborFor	73
WhtAlnNotHispLatOwnChldLt18yFamSubFam_Lt6y_LvngW1par_LvngWFath_NotLaborFor	74
WhtAlnNotHispLatOwnChldLt18yFamSubFam_Lt6y_LvngW1par_LvngWMoth_InLaborFor	73
WhtAlnNotHispLatOwnChldLt18yFamSubFam_Lt6y_LvngW1par_LvngWMoth_NotLaborFor	74
WhtAlnNotHispLatOwnChldLt18yFamSubFam_6to17y_LvngW2par_BthParLaborFor	69
WhtAlnNotHispLatOwnChldLt18yFamSubFam_6to17y_LvngW2par_FathOnlyLaborFor	71
WhtAlnNotHispLatOwnChldLt18yFamSubFam_6to17y_LvngW2par_MothOnlyLaborFor	71
WhtAlnNotHispLatOwnChldLt18yFamSubFam_6to17y_LvngW2par_NeitParLaborFor	70
WhtAlnNotHispLatOwnChldLt18yFamSubFam_6to17y_LvngW1par_LvngWFath_InLaborFor	75
WhtAlnNotHispLatOwnChldLt18yFamSubFam_6to17y_LvngW1par_LvngWFath_NotLaborFor	76
WhtAlnNotHispLatOwnChldLt18yFamSubFam_6to17y_LvngW1par_LvngWMoth_InLaborFor	75
WhtAlnNotHispLatOwnChldLt18yFamSubFam_6to17y_LvngW1par_LvngWMoth_NotLaborFor	76
AmIndAkNatAlnPopGte16y_Male_Wrkd1999_UslyWork15to34hWeek_48and49w	65
NatHiPacIslAlnPopGte16y_Male_Wrkd1999_UslyWorkGte35hWeek_48and49w	65
NatHiPacIslAlnPopGte16y_Male_Wrkd1999_UslyWork15to34hWeek_50to52w	65
NatHiPacIslAlnPopGte16y_Male_Wrkd1999_UslyWork15to34hWeek_48and49w	66
NatHiPacIslAlnPopGte16y_Male_Wrkd1999_UslyWork15to34hWeek_40to47w	65
NatHiPacIslAlnPopGte16y_Male_Wrkd1999_UslyWork15to34hWeek_27to39w	65
NatHiPacIslAlnPopGte16y_Male_Wrkd1999_UslyWork15to34hWeek_14to26w	65
NatHiPacIslAlnPopGte16y_Male_Wrkd1999_UslyWork1to14hWeek_48and49w	65
NatHiPacIslAlnPopGte16y_Fem_Wrkd1999_UslyWork15to34hWeek_48and49w	65
SmeOthRaceAlnGtePop16y_Male_Wrkd1999_UslyWork15to34hWeek_48and49w	65
WhtAlnNotHispLatPopGte16y_Male_Wrkd1999_UslyWorkGte35hWeek_50to52w	66
WhtAlnNotHispLatPopGte16y_Male_Wrkd1999_UslyWorkGte35hWeek_48and49w	67
WhtAlnNotHispLatPopGte16y_Male_Wrkd1999_UslyWorkGte35hWeek_40to47w	66
WhtAlnNotHispLatPopGte16y_Male_Wrkd1999_UslyWorkGte35hWeek_27to39w	66
WhtAlnNotHispLatPopGte16y_Male_Wrkd1999_UslyWorkGte35hWeek_14to26w	66
WhtAlnNotHispLatPopGte16y_Male_Wrkd1999_UslyWorkGte35hWeek_1to13w	65
WhtAlnNotHispLatPopGte16y_Male_Wrkd1999_UslyWork15to34hWeek_50to52w	67
WhtAlnNotHispLatPopGte16y_Male_Wrkd1999_UslyWork15to34hWeek_48and49w	68
WhtAlnNotHispLatPopGte16y_Male_Wrkd1999_UslyWork15to34hWeek_40to47w	67
WhtAlnNotHispLatPopGte16y_Male_Wrkd1999_UslyWork15to34hWeek_27to39w	67
WhtAlnNotHispLatPopGte16y_Male_Wrkd1999_UslyWork15to34hWeek_14to26w	67
WhtAlnNotHispLatPopGte16y_Male_Wrkd1999_UslyWork15to34hWeek_1to13w	66
WhtAlnNotHispLatPopGte16y_Male_Wrkd1999_UslyWork1to14hWeek_50to52w	66
WhtAlnNotHispLatPopGte16y_Male_Wrkd1999_UslyWork1to14hWeek_48and49w	67
WhtAlnNotHispLatPopGte16y_Male_Wrkd1999_UslyWork1to14hWeek_40to47w	66
WhtAlnNotHispLatPopGte16y_Male_Wrkd1999_UslyWork1to14hWeek_27to39w	66
WhtAlnNotHispLatPopGte16y_Male_Wrkd1999_UslyWork1to14hWeek_14to26w	66
WhtAlnNotHispLatPopGte16y_Male_Wrkd1999_UslyWork1to14hWeek_1to13w	65
WhtAlnNotHispLatPopGte16y_Fem_Wrkd1999_UslyWorkGte35hWeek_50to52w	65
WhtAlnNotHispLatPopGte16y_Fem_Wrkd1999_UslyWorkGte35hWeek_48and49w	66
WhtAlnNotHispLatPopGte16y_Fem_Wrkd1999_UslyWorkGte35hWeek_40to47w	65
WhtAlnNotHispLatPopGte16y_Fem_Wrkd1999_UslyWorkGte35hWeek_27to39w	65
WhtAlnNotHispLatPopGte16y_Fem_Wrkd1999_UslyWorkGte35hWeek_14to26w	65
WhtAlnNotHispLatPopGte16y_Fem_Wrkd1999_UslyWork15to34hWeek_50to52w	66
WhtAlnNotHispLatPopGte16y_Fem_Wrkd1999_UslyWork15to34hWeek_48and49w	67
WhtAlnNotHispLatPopGte16y_Fem_Wrkd1999_UslyWork15to34hWeek_40to47w	66
WhtAlnNotHispLatPopGte16y_Fem_Wrkd1999_UslyWork15to34hWeek_27to39w	66
WhtAlnNotHispLatPopGte16y_Fem_Wrkd1999_UslyWork15to34hWeek_14to26w	66
WhtAlnNotHispLatPopGte16y_Fem_Wrkd1999_UslyWork15to34hWeek_1to13w	65
WhtAlnNotHispLatPopGte16y_Fem_Wrkd1999_UslyWork1to14hWeek_50to52w	65
WhtAlnNotHispLatPopGte16y_Fem_Wrkd1999_UslyWork1to14hWeek_48and49w	66
WhtAlnNotHispLatPopGte16y_Fem_Wrkd1999_UslyWork1to14hWeek_40to47w	65
WhtAlnNotHispLatPopGte16y_Fem_Wrkd1999_UslyWork1to14hWeek_27to39w	65
WhtAlnNotHispLatPopGte16y_Fem_Wrkd1999_UslyWork1to14hWeek_14to26w	65
AmIndAkNatAlnPopGte16y_Male_WrkdFTyear1999_WthEarn_Usd1kto2.5korL	65
NatHiPacIslAlnPopGte16y_Male_WrkdFTyear1999_WthEarn_Usd1kto2.5korL	66
NatHiPacIslAlnPopGte16y_Male_WrkdFTyear1999_WthEarn_Usd10kto12.5k	65
NatHiPacIslAlnPopGte16y_Male_WrkdFTyear1999_WthEarn_Usd12.5kto15k	65
NatHiPacIslAlnPopGte16y_Male_WrkdFTyear1999_WthEarn_Usd15kto17.5k	65
NatHiPacIslAlnPopGte16y_Male_WrkdFTyear1999_WthEarn_Usd17.5kto20k	65
NatHiPacIslAlnPopGte16y_Male_WrkdFTyear1999_WthEarn_Usd20kto22.5k	65
NatHiPacIslAlnPopGte16y_Male_WrkdFTyear1999_WthEarn_Usd22.5kto25k	65
NatHiPacIslAlnPopGte16y_Fem_WrkdFTyear1999_WthEarn_Usd1kto2.5korL	65
SmeOthRaceAlnGtePop16y_Male_WrkdFTyear1999_WthEarn_Usd1kto2.5korL	65
WhtAlnNotHispLatPopGte16y_Male_WrkdFTyear1999_WthEarn_Usd1kto2.5korL	68
WhtAlnNotHispLatPopGte16y_Male_WrkdFTyear1999_WthEarn_Usd2.5kto5k	65
WhtAlnNotHispLatPopGte16y_Male_WrkdFTyear1999_WthEarn_Usd5kto7.5k	65
WhtAlnNotHispLatPopGte16y_Male_WrkdFTyear1999_WthEarn_Usd7.5kto10k	66
WhtAlnNotHispLatPopGte16y_Male_WrkdFTyear1999_WthEarn_Usd10kto12.5k	67
WhtAlnNotHispLatPopGte16y_Male_WrkdFTyear1999_WthEarn_Usd12.5kto15k	67
WhtAlnNotHispLatPopGte16y_Male_WrkdFTyear1999_WthEarn_Usd15kto17.5k	67
WhtAlnNotHispLatPopGte16y_Male_WrkdFTyear1999_WthEarn_Usd17.5kto20k	67
WhtAlnNotHispLatPopGte16y_Male_WrkdFTyear1999_WthEarn_Usd20kto22.5k	67
WhtAlnNotHispLatPopGte16y_Male_WrkdFTyear1999_WthEarn_Usd22.5kto25k	67
WhtAlnNotHispLatPopGte16y_Male_WrkdFTyear1999_WthEarn_Usd25kto30k	65
WhtAlnNotHispLatPopGte16y_Male_WrkdFTyear1999_WthEarn_Usd30kto35k	65
WhtAlnNotHispLatPopGte16y_Male_WrkdFTyear1999_WthEarn_Usd35kto40k	65
WhtAlnNotHispLatPopGte16y_Male_WrkdFTyear1999_WthEarn_Usd40kto45k	65
WhtAlnNotHispLatPopGte16y_Male_WrkdFTyear1999_WthEarn_Usd45kto50k	65
WhtAlnNotHispLatPopGte16y_Male_WrkdFTyear1999_WthEarn_Usd50kto55k	65
WhtAlnNotHispLatPopGte16y_Male_WrkdFTyear1999_WthEarn_Usd55kto65k	65
WhtAlnNotHispLatPopGte16y_Male_WrkdFTyear1999_WthEarn_Usd65kto75k	65
WhtAlnNotHispLatPopGte16y_Male_WrkdFTyear1999_WthEarn_Usd75kto100k	66
WhtAlnNotHispLatPopGte16y_Fem_WrkdFTyear1999_WthEarn_Usd1kto2.5korL	67
WhtAlnNotHispLatPopGte16y_Fem_WrkdFTyear1999_WthEarn_Usd7.5kto10k	65
WhtAlnNotHispLatPopGte16y_Fem_WrkdFTyear1999_WthEarn_Usd10kto12.5k	66
WhtAlnNotHispLatPopGte16y_Fem_WrkdFTyear1999_WthEarn_Usd12.5kto15k	66
WhtAlnNotHispLatPopGte16y_Fem_WrkdFTyear1999_WthEarn_Usd15kto17.5k	66
WhtAlnNotHispLatPopGte16y_Fem_WrkdFTyear1999_WthEarn_Usd17.5kto20k	66
WhtAlnNotHispLatPopGte16y_Fem_WrkdFTyear1999_WthEarn_Usd20kto22.5k	66
WhtAlnNotHispLatPopGte16y_Fem_WrkdFTyear1999_WthEarn_Usd22.5kto25k	66
WhtAlnNotHispLatPopGte16y_Fem_WrkdFTyear1999_WthEarn_Usd75kto100k	65
RelCldLt18yBlkAfAmerAln_Inc1999LtPovLev_OthFam_MaleHhNoWife_6to17y	66
RelCldLt18yBlkAfAmerAln_Inc1999LtPovLev_OthFam_FemHhNoHusb_6to17y	65
RelCldLt18yBlkAfAmerAln_Inc1999GtePovLev_OthFam_MaleHhNoWife_Lt5y	65
RelCldLt18yBlkAfAmerAln_Inc1999GtePovLev_OthFam_MaleHhNoWife_6to17y	67
RelCldLt18yBlkAfAmerAln_Inc1999GtePovLev_OthFam_FemHhNoHusb_6to17y	66
RelCldLt18yAmIndAkNatAln_Inc1999LtPovLev_OthFam_MaleHhNoWife_Lt5y	65
RelCldLt18yAmIndAkNatAln_Inc1999LtPovLev_OthFam_MaleHhNoWife_6to17y	67
RelCldLt18yAmIndAkNatAln_Inc1999LtPovLev_OthFam_FemHhNoHusb_6to17y	66
RelCldLt18yAmIndAkNatAln_Inc1999GtePovLev_OthFam_MaleHhNoWife_Lt5y	66
RelCldLt18yAmIndAkNatAln_Inc1999GtePovLev_OthFam_MaleHhNoWife_6to17y	68
RelCldLt18yAmIndAkNatAln_Inc1999GtePovLev_OthFam_FemHhNoHusb_Lt5y	65
RelCldLt18yAmIndAkNatAln_Inc1999GtePovLev_OthFam_FemHhNoHusb_6to17y	67
RelCldLt18yNatHiPacIslAln_Inc1999LtPovLev_OthFam_MaleHhNoWife_Lt5y	66
RelCldLt18yNatHiPacIslAln_Inc1999LtPovLev_OthFam_MaleHhNoWife_6to17y	68
RelCldLt18yNatHiPacIslAln_Inc1999LtPovLev_OthFam_FemHhNoHusb_Lt5y	65
RelCldLt18yNatHiPacIslAln_Inc1999LtPovLev_OthFam_FemHhNoHusb_6to17y	67
RelCldLt18yNatHiPacIslAln_Inc1999GtePovLev_OthFam_MaleHhNoWife_Lt5y	67
RelCldLt18yNatHiPacIslAln_Inc1999GtePovLev_OthFam_MaleHhNoWife_5y	65
RelCldLt18yNatHiPacIslAln_Inc1999GtePovLev_OthFam_MaleHhNoWife_6to17y	69
RelCldLt18yNatHiPacIslAln_Inc1999GtePovLev_OthFam_FemHhNoHusb_Lt5y	66
RelCldLt18yNatHiPacIslAln_Inc1999GtePovLev_OthFam_FemHhNoHusb_6to17y	68
RelCldLt18yOthRaceAln_Inc1999GtePovLev_OthFam_MaleHhNoWife_6to17y	65
RelCldLt18yWhtAlnNotHisLat_Inc1999LtPovLev_OthFam_MaleHhNoWife_Lt5y	67
RelCldLt18yWhtAlnNotHisLat_Inc1999LtPovLev_OthFam_MaleHhNoWife_5y	65
RelCldLt18yWhtAlnNotHisLat_Inc1999LtPovLev_OthFam_MaleHhNoWife_6to17y	69
RelCldLt18yWhtAlnNotHisLat_Inc1999LtPovLev_OthFam_FemHhNoHusb_Lt5y	66
RelCldLt18yWhtAlnNotHisLat_Inc1999LtPovLev_OthFam_FemHhNoHusb_6to17y	68
RelCldLt18yWhtAlnNotHisLat_Inc1999GtePovLev_OthFam_MaleHhNoWife_Lt5y	68
RelCldLt18yWhtAlnNotHisLat_Inc1999GtePovLev_OthFam_MaleHhNoWife_5y	66
RelCldLt18yWhtAlnNotHisLat_Inc1999GtePovLev_OthFam_MaleHhNoWife_6to17y	70
RelCldLt18yWhtAlnNotHisLat_Inc1999GtePovLev_OthFam_FemHhNoHusb_Lt5y	67
RelCldLt18yWhtAlnNotHisLat_Inc1999GtePovLev_OthFam_FemHhNoHusb_5y	65
RelCldLt18yWhtAlnNotHisLat_Inc1999GtePovLev_OthFam_FemHhNoHusb_6to17y	69
SpecOwnOcpHousUnt_HousUntMortContPurSimDebt_WthSecMortOrHomeEqLoanNotBoth	73
SpecOwnOcpHousUnt_HousUntMortContPurSimDebt_WthSecMortOrHomeEqLoanNotBoth_2ndMortOnly	85
SpecOwnOcpHousUnt_HousUntMortContPurSimDebt_WthSecMortOrHomeEqLoanNotBoth_HomeEqLoanOnly	88
SpecOwnOcpHousUnt_HousUntMortContPurSimDebt_BothSecMortHomeEqLoan	65
SpecOwnOcpHousUnt_HousUntMortContPurSimDebt_No2ndMortNoHomeEqLoan	65
OcpHousUnt_OwnerOcp_FamHH_MarriedCplFam_WthOwnChldLt18y_Lt6and6to17y	68
OcpHousUnt_OwnerOcp_FamHH_MarriedCplFam_WthOwnChldLt18y_6to17yOnly	66
OcpHousUnt_OwnerOcp_FamHH_OthFam_MaleHhNoWife_WthOwnChldLt18y_Lt6yOnly	70
OcpHousUnt_OwnerOcp_FamHH_OthFam_MaleHhNoWife_WthOwnChldLt18y_Lt6and6to17y	74
OcpHousUnt_OwnerOcp_FamHH_OthFam_MaleHhNoWife_WthOwnChldLt18y_6to17yOnly	72
OcpHousUnt_OwnerOcp_FamHH_OthFam_FemHhNoHusb_WthOwnChldLt18y_Lt6yOnly	69
OcpHousUnt_OwnerOcp_FamHH_OthFam_FemHhNoHusb_WthOwnChldLt18y_Lt6and6to17y	73
OcpHousUnt_OwnerOcp_FamHH_OthFam_FemHhNoHusb_WthOwnChldLt18y_6to17yOnly	71
OcpHousUnt_RentOcp_FamHH_MarriedCplFam_WthOwnChldLt18y_Lt6and6to17y	67
OcpHousUnt_RentOcp_FamHH_MarriedCplFam_WthOwnChldLt18y_6to17yOnly	65
OcpHousUnt_RentOcp_FamHH_OthFam_MaleHhNoWife_WthOwnChldLt18y_Lt6yOnly	69
OcpHousUnt_RentOcp_FamHH_OthFam_MaleHhNoWife_WthOwnChldLt18y_Lt6and6to17y	73
OcpHousUnt_RentOcp_FamHH_OthFam_MaleHhNoWife_WthOwnChldLt18y_6to17yOnly	71
OcpHousUnt_RentOcp_FamHH_OthFam_FemHhNoHusb_WthOwnChldLt18y_Lt6yOnly	68
OcpHousUnt_RentOcp_FamHH_OthFam_FemHhNoHusb_WthOwnChldLt18y_Lt6and6to17y	72
OcpHousUnt_RentOcp_FamHH_OthFam_FemHhNoHusb_WthOwnChldLt18y_6to17yOnly	70
OcpHousUnt_OwnerOcp_Inc1999LtPovLev_CompPlmbFac_1.01to1.50OcpPrRm	65
OcpHousUnt_OwnerOcp_Inc1999LtPovLev_LackCompPlumbFac_1.01to1.50OcpPrRm	70
OcpHousUnt_OwnerOcp_Inc1999LtPovLev_LackCompPlumbFac_Gte1.51OcpPrRm	67
OcpHousUnt_OwnerOcp_Inc1999GtePovLev_CompPlmbFac_1.01to1.50OcpPrRm	66
OcpHousUnt_OwnerOcp_Inc1999GtePovLev_LackCompPlumbFac_Lte1OcpPrRm	65
OcpHousUnt_OwnerOcp_Inc1999GtePovLev_LackCompPlumbFac_1.01to1.50OcpPrRm	71
OcpHousUnt_OwnerOcp_Inc1999GtePovLev_LackCompPlumbFac_Gte1.51OcpPrRm	68
OcpHousUnt_RentOcp_Inc1999LtPovLev_LackCompPlumbFac_1.01to1.50OcpPrRm	69
OcpHousUnt_RentOcp_Inc1999LtPovLev_LackCompPlumbFac_Gte1.51OcpPrRm	66
OcpHousUnt_RentOcp_Inc1999GtePovLev_CompPlmbFac_1.01to1.50OcpPrRm	65
OcpHousUnt_RentOcp_Inc1999GtePovLev_LackCompPlumbFac_1.01to1.50OcpPrRm	70
OcpHousUnt_RentOcp_Inc1999GtePovLev_LackCompPlumbFac_Gte1.51OcpPrRm	67
