46	Usd1kto2.5korL	$1 to $2,499 or loss
15	Usd1korM	$1,000 or more
30	Usd1kto1k	$1,000 to $1,249
1	Usd1kto1k	$1,000 to $1,499
12	$1000000ormore	$1,000,000 or more
30	Usd1kto1k	$1,250 to $1,499
31	Usd1kto1k	$1,500 to $1,999
1	Usd10korM	$10,000 or more
46	Usd10kto12.5k	$10,000 to $12,499
111	Usd10kto15k	$10,000 to $14,999
4	Usd10kto19k:	$10,000 to $19,999:
23	Usd100to149	$100 to $149
7	Usd100to199	$100 to $199
46	Usd100korM	$100,000 or more
3	Usd100korM:	$100,000 or more:
109	Usd100kto125k	$100,000 to $124,999
2	Usd100kto149k	$100,000 to $149,999
1	Usd100kto149k:	$100,000 to $149,999:
46	Usd12.5kto15k	$12,500 to $14,999
109	Usd125kto150k	$125,000 to $149,999
46	Usd15kto17.5k	$15,000 to $17,499
111	Usd15kto20k	$15,000 to $19,999
23	Usd150to199	$150 to $199
2	Usd150korM	$150,000 or more
1	Usd150korM:	$150,000 or more:
12	Usd150kto174k	$150,000 to $174,999
97	Usd150kto200k	$150,000 to $199,999
46	Usd17.5kto20k	$17,500 to $19,999
12	Usd175kto199k	$175,000 to $199,999
19	Usd2korM	$2,000 or more
11	Usd2kto2k	$2,000 to $2,499
1	Usd2kto2k	$2,000 to $2,999
11	Usd2kto2k	$2,500 to $2,999
46	Usd2.5kto5k	$2,500 to $4,999
46	Usd20kto22.5k	$20,000 to $22,499
111	Usd20kto25k	$20,000 to $24,999
4	Usd20kto34k:	$20,000 to $34,999:
23	Usd200to249	$200 to $249
23	Usd200to299	$200 to $299
100	Usd200korM	$200,000 or more
12	Usd200kto249k	$200,000 to $249,999
46	Usd22.5kto25k	$22,500 to $24,999
155	Usd25kto30k	$25,000 to $29,999
2	Usd25kto34k	$25,000 to $34,999
23	Usd250to299	$250 to $299
12	Usd250kto299k	$250,000 to $299,999
11	Usd3korM	$3,000 or more
1	Usd3kto3k	$3,000 to $3,999
155	Usd30kto35k	$30,000 to $34,999
23	Usd300to349	$300 to $349
19	Usd300to399	$300 to $399
4	Usd300to499	$300 to $499
12	Usd300kto399k	$300,000 to $399,999
155	Usd35kto40k	$35,000 to $39,999
2	Usd35kto49k	$35,000 to $49,999
4	Usd35kto49k:	$35,000 to $49,999:
23	Usd350to399	$350 to $399
1	Usd4kto4k	$4,000 to $4,999
143	Usd40kto45k	$40,000 to $44,999
12	Usd40kto49k	$40,000 to $49,999
12	Usd400to449	$400 to $449
29	Usd400to499	$400 to $499
1	Usd400to599	$400 to $599
12	Usd400kto499k	$400,000 to $499,999
143	Usd45kto50k	$45,000 to $49,999
12	Usd450to499	$450 to $499
47	Usd5kto7.5k	$5,000 to $7,499
2	Usd5kto9k	$5,000 to $9,999
46	Usd50kto55k	$50,000 to $54,999
109	Usd50kto60k	$50,000 to $59,999
2	Usd50kto74k	$50,000 to $74,999
4	Usd50kto74k:	$50,000 to $74,999:
12	Usd500to549	$500 to $549
29	Usd500to599	$500 to $599
4	Usd500to749	$500 to $749
12	Usd500kto749k	$500,000 to $749,999
46	Usd55kto65k	$55,000 to $64,999
12	Usd550to599	$550 to $599
12	Usd60kto69k	$60,000 to $69,999
97	Usd60kto75k	$60,000 to $74,999
12	Usd600to649	$600 to $649
29	Usd600to699	$600 to $699
1	Usd600to799	$600 to $799
46	Usd65kto75k	$65,000 to $74,999
12	Usd650to699	$650 to $699
47	Usd7.5kto10k	$7,500 to $9,999
12	Usd70kto79k	$70,000 to $79,999
12	Usd700to749	$700 to $749
29	Usd700to799	$700 to $799
145	Usd75kto100k	$75,000 to $99,999
4	Usd75kto99k:	$75,000 to $99,999:
12	Usd750to799	$750 to $799
4	Usd750to999	$750 to $999
12	Usd750kto999k	$750,000 to $999,999
12	Usd80kto89k	$80,000 to $89,999
41	Usd800to899	$800 to $899
1	Usd800to999	$800 to $999
12	Usd90kto99k	$90,000 to $99,999
41	Usd900to999	$900 to $999
13	.50to.74	.50 to .74
13	.75to.99	.75 to .99
2	0.50orlessOcpPrRm	0.50 or less occupants per room
2	0.51to1.00OcpPrRm	0.51 to 1.00 occupants per room
3	1 bedroom	1 bedroom
1	1 bedroom:	1 bedroom:
1	1or2y	1 or 2 years
9	1ormore vehicles available	1 or more vehicles available
2	1ormore vehicles available:	1 or more vehicles available:
3	1 room	1 room
1	1 subFam	1 subfamily
60	1to13w	1 to 13 weeks
2	1 vehicle available	1 vehicle available
4	1wrkr	1 worker
2	1y	1 year
16	1 attached	1, attached
16	1 detached	1, detached
61	1 detachedorattached	1, detached or attached
1	1 detachedorattached:	1, detached or attached:
4	1pHH	1-person household
5	1pHH:	1-person household:
35	1.00orlessOcpPrRm	1.00 or less occupants per room
2	1.00orlessOcpPrRm:	1.00 or less occupants per room:
14	1.00to1.24	1.00 to 1.24
9	1.01ormoreOcpPrRm	1.01 or more occupants per room
2	1.01ormoreOcpPrRm:	1.01 or more occupants per room:
28	1.01to1.50OcpPrRm	1.01 to 1.50 occupants per room
13	1.25to1.29	1.25 to 1.29
1	1.25to1.49	1.25 to 1.49
13	1.30to1.49	1.30 to 1.49
1	1.30to1.49:	1.30 to 1.49:
1	Gte1.50:	1.50 and over:
14	1.50to1.74	1.50 to 1.74
1	1.50to1.84:	1.50 to 1.84:
26	1.51ormoreOcpPrRm	1.51 or more occupants per room
2	1.51to2.00OcpPrRm	1.51 to 2.00 occupants per room
14	1.75to1.84	1.75 to 1.84
1	1.85 and above:	1.85 and above:
14	1.85to1.99	1.85 to 1.99
1	10to14min	10 to 14 minutes
22	10to14y	10 to 14 years
15	10to19	10 to 19
1	10toLt25pctTotIndEarn	10 to less than 25 percent of total earnings for individual imputed
3	10toLt25pctTotIncFam	10 to less than 25 percent of total income for family imputed
1	10toLt25pctTotIncHH	10 to less than 25 percent of total income for household imputed
3	10toLt25pctTotIncInd	10 to less than 25 percent of total income for individual imputed
1	10toLt25pctTotIncNFamHH	10 to less than 25 percent of total income for nonfamily household imputed
2	10y	10 years
30	10.0to14.9pct	10.0 to 14.9 percent
1	100pctTotIndEarn	100 percent of total earnings for individual imputed
3	100pctTotIncFam	100 percent of total income for family imputed
1	100pctTotIncHH	100 percent of total income for household imputed
3	100pctTotIncInd	100 percent of total income for individual imputed
1	100pctTotIncNFamHH	100 percent of total income for nonfamily household imputed
1	10AMto11AM	10:00 a.m. to 10:59 a.m.
2	10thGr	10th grade
2	11y	11 years
1	11AMto12AM	11:00 a.m. to 11:59 a.m.
2	11thGr	11th grade
3	12and13y	12 and 13 years
40	12to14y	12 to 14 years
1	12to14y:	12 to 14 years:
20	12to17y	12 to 17 years
2	12y	12 years
1	12AMto5AM	12:00 a.m. to 4:59 a.m.
1	12PMto4PM	12:00 p.m. to 3:59 p.m.
2	12thGrNoDip	12th grade, no diploma
2	13y	13 years
60	14to26w	14 to 26 weeks
5	14y	14 years
41	15to17y	15 to 17 years
1	15to19min	15 to 19 minutes
46	15y	15 years
1	15y:	15 years:
30	15.0to19.9pct	15.0 to 19.9 percent
44	16 and 17y	16 and 17 years
1	16 and 17y:	16 and 17 years:
2	16to19y:	16 to 19 years:
36	16to20y:	16 to 20 years:
2	16y	16 years
2	17y	17 years
34	18 and 19y	18 and 19 years
48	18to24y	18 to 24 years
3	18to24y:	18 to 24 years:
5	18to44y	18 to 44 years
20	18to64y	18 to 64 years
31	18to64y:	18 to 64 years:
2	18y	18 years
1	18y and over:	18 years and over:
2	19y	19 years
1	1965to1969	1965 to 1969
1	1970to1974	1970 to 1974
1	1975to1979	1975 to 1979
1	1980to1984	1980 to 1984
1	1985to1989	1985 to 1989
1	1990to1994	1990 to 1994
1	1995toMar2000	1995 to March 2000
16	2	2
3	2 bedrooms	2 bedrooms
1	2 bedrooms:	2 bedrooms:
3	2 rooms	2 rooms
1	2 subfamilies	2 subfamilies
61	2to4	2 to 4
1	2to4:	2 to 4:
2	2 vehicles available	2 vehicles available
2	2wrkr	2 workers
1	2 workers husband and wife worked	2 workers, husband and wife worked
1	2 workers other	2 workers, other
1	2wrkr:	2 workers:
2	2y	2 years
2	2-or-more person household:	2-or-more person household:
1	Gte2pHH:	2-or-more-person household:
5	2pHH	2-person household
2	2-person household:	2-person household:
14	Gte2.00	2.00 and over
2	2.01ormoreOcpPrRm	2.01 or more occupants per room
2	20to21y:	20 to 21 years:
1	20to24min	20 to 24 minutes
16	20to24y	20 to 24 years
76	20to49	20 to 49
1	20to49:	20 to 49:
20	20y	20 years
66	20.0to24.9pct	20.0 to 24.9 percent
36	21to64y:	21 to 64 years:
20	21y	21 years
20	22to24y	22 to 24 years
2	22to24y:	22 to 24 years:
1	25to29min	25 to 29 minutes
32	25to29y	25 to 29 years
2	25to29y:	25 to 29 years:
52	25to34y	25 to 34 years
3	25to34y:	25 to 34 years:
4	25to59y:	25 to 59 years:
1	25toLt50pctTotIndEarn	25 to less than 50 percent of total earnings for individual imputed
3	25toLt50pctTotIncFam	25 to less than 50 percent of total income for family imputed
1	25toLt50pctTotIncHH	25 to less than 50 percent of total income for household imputed
3	25toLt50pctTotIncInd	25 to less than 50 percent of total income for individual imputed
1	25toLt50pctTotIncNFamHH	25 to less than 50 percent of total income for nonfamily household imputed
66	25.0to29.9pct	25.0 to 29.9 percent
60	27to39w	27 to 39 weeks
7	3and4y	3 and 4 years
3	3 bedrooms	3 bedrooms
16	3or4	3 or 4
1	3or4y	3 or 4 years
1	3ormore bedrooms:	3 or more bedrooms:
2	Gte3wrkr	3 or more workers
1	3ormore workers husband and wife worked	3 or more workers, husband and wife worked
1	3ormore workers other	3 or more workers, other
1	Gte3wrkr:	3 or more workers:
3	3 rooms	3 rooms
1	3 subfamilies	3 subfamilies
2	3 vehicles available	3 vehicles available
2	3y	3 years
5	3pHH	3-person household
2	3-person household:	3-person household:
1	30to34min	30 to 34 minutes
32	30to34y	30 to 34 years
2	30to34y:	30 to 34 years:
2	30to44min:	30 to 44 minutes:
66	30.0to34.9pct	30.0 to 34.9 percent
1	35to39min	35 to 39 minutes
20	35to39y	35 to 39 years
56	35to44y	35 to 44 years
5	35to44y:	35 to 44 years:
8	35y and over	35 years and over
36	35.0pctor more	35.0 percent or more
30	35.0to39.9pct	35.0 to 39.9 percent
3	4 bedrooms	4 bedrooms
1	4ormore subfamilies	4 or more subfamilies
3	4 rooms	4 rooms
2	4 vehicles available	4 vehicles available
2	4y	4 years
5	4pHH	4-person household
2	4-person household:	4-person household:
1	40to44min	40 to 44 minutes
20	40to44y	40 to 44 years
60	40to47w	40 to 47 weeks
30	40.0to49.9pct	40.0 to 49.9 percent
20	45to49y	45 to 49 years
56	45to54y	45 to 54 years
3	45to54y:	45 to 54 years:
1	45to59min	45 to 59 minutes
2	45to59min:	45 to 59 minutes:
5	45to64y	45 to 64 years
2	45to64y:	45 to 64 years:
60	48and49w	48 and 49 weeks
1	4PMto12PM	4:00 p.m. to 11:59 p.m.
1	5ormore	5 or more
3	5ormore bedrooms	5 or more bedrooms
2	5ormore vehicles available	5 or more vehicles available
3	5 rooms	5 rooms
32	5to15y:	5 to 15 years:
5	5to17y	5 to 17 years
72	5to17yOnly	5 to 17 years only
12	5to17y:	5 to 17 years:
61	5to19	5 to 19
1	5to19:	5 to 19:
15	5to9	5 to 9
1	5to9min	5 to 9 minutes
22	5to9y	5 to 9 years
125	5y	5 years
1	5yormore	5 years or more
1	5y:	5 years:
2	5-or-more person household:	5-or-more person household:
5	5pHH	5-person household
76	50ormore	50 or more
1	50ormore:	50 or more:
1	50to.74	50 to .74
60	50to52w	50 to 52 weeks
20	50to54y	50 to 54 years
1	50toLt100pctTotIndEarn	50 to less than 100 percent of total earnings for individual imputed
3	50toLt100pctTotIncFam	50 to less than 100 percent of total income for family imputed
1	50toLt100pctTotIncHH	50 to less than 100 percent of total income for household imputed
3	50toLt100pctTotIncInd	50 to less than 100 percent of total income for individual imputed
1	50toLt100pctTotIncNF	50 to less than 100 percent of total income for nonfamily household imputed
30	50.0pctor more	50.0 percent or more
32	55to59y	55 to 59 years
2	55to59y:	55 to 59 years:
44	55to64y	55 to 64 years
1	55to64y:	55 to 64 years:
1	5AMto6AM	5:00 a.m. to 5:29 a.m.
1	5AMto6AM	5:30 a.m. to 5:59 a.m.
2	5thand6thGr	5th and 6th grade
3	6 rooms	6 rooms
1	6to11 months	6 to 11 months
63	6to11y	6 to 11 years
1	6to11y:	6 to 11 years:
60	6to17y	6 to 17 years
12	6to17yOnly	6 to 17 years only
10	6to17yOnly:	6 to 17 years only:
10	6to17y:	6 to 17 years:
2	6y	6 years
5	6pHH	6-person household
20	60and61y	60 and 61 years
2	Gte60min:	60 or more minutes:
2	60to61y:	60 to 61 years:
12	60to64y	60 to 64 years
4	60to64y:	60 to 64 years:
1	60to89min	60 to 89 minutes
20	62to64y	62 to 64 years
2	62to64y:	62 to 64 years:
20	65and66y	65 and 66 years
2	65to69y:	65 to 69 years:
76	65to74y	65 to 74 years
37	65to74y:	65 to 74 years:
5	65y and over	65 years and over
37	Gte65y:	65 years and over:
20	67to69y	67 to 69 years
1	6AMto7AM	6:00 a.m. to 6:29 a.m.
1	6AMto7AM	6:30 a.m. to 6:59 a.m.
3	7 rooms	7 rooms
2	7y	7 years
5	Gte7pHH	7-or-more-person household
20	70to74y	70 to 74 years
2	70to74y:	70 to 74 years:
1	75to.99	75 to .99
20	75to79y	75 to 79 years
12	75to84y	75 to 84 years
64	Gte75y	75 years and over
39	Gte75y:	75 years and over:
1	7AMto8AM	7:00 a.m. to 7:29 a.m.
1	7AMto8AM	7:30 a.m. to 7:59 a.m.
2	7thand8thGr	7th and 8th grade
3	8 rooms	8 rooms
2	8y	8 years
20	80to84y	80 to 84 years
32	Gte85y	85 years and over
1	8AMto9AM	8:00 a.m. to 8:29 a.m.
1	8AMto9AM	8:30 a.m. to 8:59 a.m.
3	9ormore rooms	9 or more rooms
2	9y	9 years
1	Gte90min	90 or more minutes
1	9AMto10AM	9:00 a.m. to 9:59 a.m.
2	9thGr	9th grade
28	9thto12th grade no diploma	9th to 12th grade, no diploma
3	Acadian/Cajun	Acadian/Cajun
2	Occ001	Accommodation and food services
2	Occ002	Administrative and support and waste management services
1	Adptd	Adopted
3	Afghan	Afghan
1	Afghanistan	Afghanistan
1	Africa n.e.c.	Africa, n.e.c.
2	Africa:	Africa:
3	African	African
2	African languages	African languages
1	AggInc1999	Aggregate Income in 1999
1	AggSSInc1999	Aggregate Social Security income in 1999
1	AggSupSecInc1999	Aggregate Supplemental Security Income in 1999
1	Aggcontract rent	Aggregate contract rent
1	AggEarn1999	Aggregate earnings in 1999
2	AggEarn1999:	Aggregate earnings in 1999:
4	AggFamInc1999:	Aggregate family income in 1999:
12	Agggross rent	Aggregate gross rent
9	Agghousehold Incin 1999	Aggregate household income in 1999
6	AggHHInc1999:	Aggregate household income in 1999:
1	AggIncDef1999:	Aggregate income deficit in 1999:
9	AggIncin 1999	Aggregate income in 1999
1	AggIntDivRentInc1999	Aggregate interest, dividends, or net rental income in 1999
2	AggNFamHHInc1999:	Aggregate nonfamily household income in 1999:
1	Aggnumberrooms	Aggregate number of rooms
2	Aggnumberrooms:	Aggregate number of rooms:
1	Aggnumbervehicles available:	Aggregate number of vehicles available:
1	AggOthInc1999	Aggregate other types of income in 1999
1	Aggprice asked	Aggregate price asked
1	AggPubAssInc1999	Aggregate public assistance income in 1999
1	Aggreal estate taxes	Aggregate real estate taxes
1	Aggrent asked	Aggregate rent asked
1	AggRetInc1999	Aggregate retirement income in 1999
11	Aggselected monthly owner costs:	Aggregate selected monthly owner costs:
1	AggSelfEmplInc1999	Aggregate self-employment income in 1999
1	AggTravTimeWork:	Aggregate travel time to work (in minutes):
10	Aggvalue	Aggregate value
4	Aggvalue:	Aggregate value:
1	AggWageSalInc1999	Aggregate wage or salary income in 1999
2	Occ003	Agriculture, forestry, fishing and hunting
4	AgForFishHuntMin:	Agriculture, forestry, fishing and hunting, and mining:
2	AgForFishHunt:	Agriculture, forestry, fishing and hunting:
2	Occ004	Aircraft and traffic control occupations
3	Albanian	Albanian
2	AllGeoPart	All geographic parts imputed
2	AllIndExcAgForFishHuntMin:	All industries except agriculture, forestry, fishing and hunting, and mining:
1	All other HH	All other households
3	Alsatian	Alsatian
3	AmIndAkNatAlone	American Indian and Alaska Native alone
1	AmIndAkNatAlnCivNInstPop5y and over	American Indian and Alaska Native alone civilian noninstitutionalized population 5 years and over
1	AmIndAkNatAlnfemales 16y and over	American Indian and Alaska Native alone females 16 years and over
1	AmIndAkNatAlnown children Lt18y in Famand subfamilies	American Indian and Alaska Native alone own children under 18 years in families and subfamilies
3	AmIndAkNatAlnpopulation	American Indian and Alaska Native alone population
1	AmIndAkNatAlnPop15y and over	American Indian and Alaska Native alone population 15 years and over
1	AmIndAkNatAlnPop16to19y	American Indian and Alaska Native alone population 16 to 19 years
3	AmIndAkNatAlnPop16y and over	American Indian and Alaska Native alone population 16 years and over
1	AmIndAkNatAlnPop16y and over with earnings in 1999	American Indian and Alaska Native alone population 16 years and over with earnings in 1999
1	AmIndAkNatAlnPop18y and over	American Indian and Alaska Native alone population 18 years and over
1	AmIndAkNatAlnPop25y and over	American Indian and Alaska Native alone population 25 years and over
1	AmIndAkNatAlnPop3y and over	American Indian and Alaska Native alone population 3 years and over
2	AmIndAkNatAlnPop5y and over	American Indian and Alaska Native alone population 5 years and over
2	AmIndAkNatAlnpopulationwhom poverty status is determined	American Indian and Alaska Native alone population for whom poverty status is determined
1	AmIndAkNatAlnworkers 16y and over	American Indian and Alaska Native alone workers 16 years and over
2	Americas:	Americas:
1	Ancestry not reported	Ancestry not reported
1	Ancestry not specified:	Ancestry not specified:
1	Ancestry specified:	Ancestry specified:
1	Ancestry unclassified	Ancestry unclassified
3	Arab/Arabic	Arab/Arabic
3	Arab:	Arab:
2	Arabic	Arabic
2	Occ005	Architects, surveyors, cartographers, and engineers
2	ArchEng:	Architecture and engineering occupations:
1	Argentina	Argentina
1	Armenia	Armenia
5	Armenian	Armenian
2	Occ006	Arts, design, entertainment, sports, and media occupations
2	Occ007	Arts, entertainment, and recreation
2	ArtEntRecAccFood:	Arts, entertainment, recreation, accommodation and food services:
1	Asia n.e.c.	Asia, n.e.c.
2	Asia:	Asia:
3	AsianAln	Asian alone
1	AsnAlnCivNInstPop5y and over	Asian alone civilian noninstitutionalized population 5 years and over
1	AsnAlnfemales 16y and over	Asian alone females 16 years and over
1	AsnAlnown children Lt18y in Famand subfamilies	Asian alone own children under 18 years in families and subfamilies
3	AsnAlnpopulation	Asian alone population
1	AsnAlnPop15y and over	Asian alone population 15 years and over
1	AsnAlnPop16to19y	Asian alone population 16 to 19 years
3	AsnAlnPop16y and over	Asian alone population 16 years and over
1	AsnAlnPop16y and over with earnings in 1999	Asian alone population 16 years and over with earnings in 1999
1	AsnAlnPop18y and over	Asian alone population 18 years and over
1	AsnAlnPop25y and over	Asian alone population 25 years and over
1	AsnAlnPop3y and over	Asian alone population 3 years and over
2	AsnAlnPop5y and over	Asian alone population 5 years and over
2	AsnAlnpopulationwhom poverty status is determined	Asian alone population for whom poverty status is determined
1	AsnAlnworkers 16y and over	Asian alone workers 16 years and over
1	AsianPacIsldLang:	Asian and Pacific Island languages:
34	AssDeg	Associate degree
3	Assyrian/Chaldean/Syriac	Assyrian/Chaldean/Syriac
1	Aug1990orLat:	August 1990 or later (including Persian Gulf War):
1	Australia	Australia
1	Australia and New Zealand Subregion:	Australia and New Zealand Subregion:
3	Australian	Australian
1	Austria	Austria
3	Austrian	Austrian
34	BacDeg	Bachelor's degree
3	Bahamian	Bahamian
1	Bangladesh	Bangladesh
3	Barbadian	Barbadian
1	Barbados	Barbados
3	Basque	Basque
1	Bef1965	Before 1965
1	Belarus	Belarus
3	Belgian	Belgian
3	Belizean	Belizean
4	Below college	Below college
3	Bermudan	Bermudan
10	Bike	Bicycle
3	BlkAfAmerAlone	Black or African American alone
1	BlkAfAmerAlnCivNInstPop5y and over	Black or African American alone civilian noninstitutionalized population 5 years and over
1	BlkAfAmerAlnfemales 16y and over	Black or African American alone females 16 years and over
1	BlkAfAmerAlnown children Lt18y in Famand subfamilies	Black or African American alone own children under 18 years in families and subfamilies
3	BlkAfAmerAlnpopulation	Black or African American alone population
1	BlkAfAmerAlnPop15y and over	Black or African American alone population 15 years and over
1	BlkAfAmerAlnPop16to19y	Black or African American alone population 16 to 19 years
3	BlkAfAmerAlnPop16y and over	Black or African American alone population 16 years and over
1	BlkAfAmerAlnPop16y and over with earnings in 1999	Black or African American alone population 16 years and over with earnings in 1999
1	BlkAfAmerAlnPop18y and over	Black or African American alone population 18 years and over
1	BlkAfAmerAlnPop25y and over	Black or African American alone population 25 years and over
1	BlkAfAmerAlnPop3y and over	Black or African American alone population 3 years and over
2	BlkAfAmerAlnPop5y and over	Black or African American alone population 5 years and over
2	BlkAfAmerAlnpopulationwhom poverty status is determined	Black or African American alone population for whom poverty status is determined
1	BlkAfAmerAlnworkers 16y and over	Black or African American alone workers 16 years and over
77	Boat RV van etc.	Boat, RV, van, etc.
1	Boat RV van etc.:	Boat, RV, van, etc.:
1	Bolivia	Bolivia
12	BrnAbrdAmerPar	Born abroad of American parent(s)
1	Born at sea	Born at sea
1	Born at sea:	Born at sea:
2	Born in Puerto Rico	Born in Puerto Rico
2	Born in U.S. Island Areas	Born in U.S. Island Areas
10	BrnOthStUS:	Born in other state in the United States:
10	BrnStateRes	Born in state of residence
2	Born inUnited States	Born in the United States
12	BrnOutUS:	Born outside the United States:
1	Bosnia and Herzegovina	Bosnia and Herzegovina
20	BthParLaborFor	Both parents in labor force
1	Both second mortgage and home equity loan	Both second mortgage and home equity loan
3	Bottled tankorLP gas	Bottled, tank, or LP gas
1	Brazil	Brazil
3	Brazilian	Brazilian
3	British	British
3	British West Indian	British West Indian
1	BrthrSistr	Brother or sister
2	Occ008	Building and grounds cleaning and maintenance occupations
31	Blt1939orearlier	Built 1939 or earlier
2	Blt1939orearlier:	Built 1939 or earlier:
31	Blt1940to1949	Built 1940 to 1949
2	Blt1940to1949:	Built 1940 to 1949:
31	Blt1950to1959	Built 1950 to 1959
2	Blt1950to1959:	Built 1950 to 1959:
31	Blt1960to1969	Built 1960 to 1969
2	Blt1960to1969:	Built 1960 to 1969:
31	Blt1970to1979	Built 1970 to 1979
2	Blt1970to1979:	Built 1970 to 1979:
31	Blt1980to1989	Built 1980 to 1989
2	Blt1980to1989:	Built 1980 to 1989:
31	Blt1990to1994	Built 1990 to 1994
2	Blt1990to1994:	Built 1990 to 1994:
31	Blt1995to1998	Built 1995 to 1998
2	Blt1995to1998:	Built 1995 to 1998:
31	Blt1999toMar2000	Built 1999 to March 2000
2	Blt1999toMar2000:	Built 1999 to March 2000:
3	Bulgarian	Bulgarian
10	BusTrlly	Bus or trolley bus
2	BusFinOper:	Business and financial operations occupations:
2	Occ009	Business operations specialists
1	Cambodia	Cambodia
1	Canada	Canada
3	Canadian	Canadian
3	Cape Verdean	Cape Verdean
1	Car truckorvan	Car, truck, or van
11	CarTrckVan:	Car, truck, or van:
2	Caribbean:	Caribbean:
3	Carpatho Rusyn	Carpatho Rusyn
10	Carpool	Carpooled
1	Carpool:	Carpooled:
3	Celtic	Celtic
2	Central America:	Central America:
13	CentCity	Central city
2	Central city in different MSA/PMSA	Central city in different MSA/PMSA
1	Central citythis MSA/PMSA	Central city of this MSA/PMSA
3	Child	Child
1	Child:	Child:
1	Chile	Chile
1	China excluding Hong Kong and Taiwan	China, excluding Hong Kong and Taiwan
1	China:	China:
2	Chinese	Chinese
3	Civilian veterans 18y and over	Civilian veterans 18 years and over
96	Civ:	Civilian:
3	Coalorcoke	Coal or coke
4	Collegeorgraduate school	College or graduate school
1	Colombia	Colombia
2	Occ010	Community and social services occupations
12	Complete kitchen facilities	Complete kitchen facilities
1	Complete kitchen facilities:	Complete kitchen facilities:
12	Complete plumbing facilities	Complete plumbing facilities
7	Complete plumbing facilities:	Complete plumbing facilities:
2	Occ011	Computer and mathematical occupations
2	Occ012	Construction
2	ConstExt:	Construction and extraction occupations:
2	Occ013	Construction trades workers
2	ConstExtMaint:	Construction, extraction, and maintenance occupations:
1	Costa Rica	Costa Rica
3	Croatian	Croatian
1	Cuba	Cuba
3	Cypriot	Cypriot
3	Czech	Czech
1	Czechoslovakia (includes Czech Republic and Slovakia)	Czechoslovakia (includes Czech Republic and Slovakia)
3	Czechoslovakian	Czechoslovakian
3	Danish	Danish
4	DNWorkHome:	Did not work at home:
22	DNWork1999	Did not work in 1999
2	Did not work in 1999:	Did not work in 1999:
4	DiffMSA/PMSA1995:	Different MSA/PMSA in 1995:
1	Diffcounty (same state)	Different county (same state)
11	DiffCnty:	Different county:
15	DiffHouse1995:	Different house in 1995:
1	DiffHouse:	Different house:
11	DiffMunic	Different municipio
11	DiffSt:	Different state:
2	Div	Divorced
2	Divorced:	Divorced:
2	DocDeg	Doctorate degree
2	Does not include self-care Disab	Does not include self-care disability
6	Does not include self-care Disab:	Does not include self-care disability:
9	UsdVal0	Dollar value of zero imputed
1	Dominican Republic	Dominican Republic
2	Occ014	Drafters, engineering, and mapping technicians
11	DrvAln	Drove alone
3	Dutch	Dutch
3	Dutch West Indian	Dutch West Indian
1	Eastern Africa:	Eastern Africa:
1	Eastern Asia:	Eastern Asia:
1	Eastern Europe:	Eastern Europe:
3	Eastern European	Eastern European
1	Ecuador	Ecuador
2	Occ015	Education, training, and library occupations
2	Occ016	Educational services
2	EdHlthSocServ:	Educational, health and social services:
1	Egypt	Egypt
3	Egyptian	Egyptian
1	El Salvador	El Salvador
3	Electricity	Electricity
4	Else1995	Elsewhere in 1995
11	Else1995:	Elsewhere in 1995:
204	Empl	Employed
6	Employed civilian Pop16y and over	Employed civilian population 16 years and over
45	EmplOrArmFor	Employed or in Armed Forces
1	EmplOrArmFor:	Employed or in Armed Forces:
6	EmplPrivComp	Employee of private company
14	EmplDisab	Employment disability
4	Engl	English
2	Erldin collegeorgraduate school:	Enrolled in college or graduate school:
2	ErldCollUnd:	Enrolled in college, undergraduate years:
9	Erldin college:	Enrolled in college:
2	Erld1to4Gr:	Enrolled in grade 1 to grade 4:
9	Erldin grade 1tograde 8:	Enrolled in grade 1 to grade 8:
2	Erld5to8Gr:	Enrolled in grade 5 to grade 8:
11	Erld9to12Gr:	Enrolled in grade 9 to grade 12:
2	ErldGradProf:	Enrolled in graduate or professional school:
11	ErldKind:	Enrolled in kindergarten:
11	ErldNursPre:	Enrolled in nursery school, preschool:
26	ErldSch:	Enrolled in school:
3	Estonian	Estonian
1	Ethiopia	Ethiopia
3	Ethiopian	Ethiopian
1	Europe n.e.c.	Europe, n.e.c.
2	Europe:	Europe:
3	European	European
2	Occ017	Extraction workers
19	Families	Families
3	FamwithHhwho is AmIndAkNatAln	Families with a householder who is American Indian and Alaska Native alone
3	FamwithHhwho is AsnAln	Families with a householder who is Asian alone
3	FamwithHhwho is BlkAfAmerAln	Families with a householder who is Black or African American alone
3	FamwithHhwho is HispanicorLatino	Families with a householder who is Hispanic or Latino
3	FamwithHhwho is NatHiPacIslAln	Families with a householder who is Native Hawaiian and Other Pacific Islander alone
3	FamwithHhwho is Some other race Aln	Families with a householder who is Some other race alone
3	FamwithHhwho is Gte2races	Families with a householder who is Two or more races
3	FamwithHhwho is WhtAln	Families with a householder who is White alone
3	FamwithHhwho is WhtAlnnot HispanicorLatino	Families with a householder who is White alone, not Hispanic or Latino
1	Famwith Incin 1999 belowpoverty level	Families with income in 1999 below the poverty level
31	FamHH:	Family households:
2	Farm	Farm
2	FarmMan	Farmers and farm managers
2	Occ018	Farming, fishing, and forestry occupations
20	FathOnlyLaborFor	Father only in labor force
1	Father-child subFam	Father-child subfamily
1	Feb1955toJul1964	February 1955 to July 1964 only
6	Occ019	Federal government workers
26	Fem	Female
6	FemHh	Female householder
1	Female Hhand female partner	Female householder and female partner
1	Female Hhand male partner	Female householder and male partner
9	FemHhNoHusb	Female householder, no husband present
84	FemHhNoHusb:	Female householder, no husband present:
8	FemHh:	Female householder:
115	Fem:	Female:
1	Females 16y and over	Females 16 years and over
10	Ferry	Ferryboat
2	Occ020	Finance and insurance
2	FinInsRealEstRentLeas:	Finance, insurance, real estate and rental and leasing:
2	Occ021	Financial specialists
3	Finnish	Finnish
2	Occ022	Fire fighting, prevention, and law enforcement workers, including supervisors
1	First ancestry reported:	First ancestry reported:
2	Occ023	Food preparation and serving related occupations
2	For migrant workers	For migrant workers
2	For rent	For rent
2	For sale only	For sale only
2	For seasonal recreationaloroccasional use	For seasonal, recreational, or occasional use
13	FrgnBrn:	Foreign born:
11	FrgnCntrySea	Foreign country or at sea
5	Foreign-born population	Foreign-born population
1	France	France
3	French (except Basque)	French (except Basque)
2	French (incl. Patois Cajun)	French (incl. Patois, Cajun)
3	French Canadian	French Canadian
2	French Creole	French Creole
3	Fuel oil kerosene etc.	Fuel oil, kerosene, etc.
1	Full-time year-round workers 16y and over with earnings in 1999	Full-time, year-round workers 16 years and over with earnings in 1999
5	German	German
3	German Russian	German Russian
1	Germany	Germany
1	Ghana	Ghana
3	Ghanian	Ghanian
4	Go-outside home and employment only	Go-outside home and employment only
26	GoOutDisab	Go-outside-home disability
32	Graduateorprofessional degree	Graduate or professional degree
1	GndChild	Grandchild
5	GndPrntNotRespOwnGndChildLt18y	Grandparent not responsible for own grandchildren under 18 years
3	Grandparent responsibleown grandchildren Lt18y	Grandparent responsible for own grandchildren under 18 years
2	GndPrntRespOwnGndChildLt18y:	Grandparent responsible for own grandchildren under 18 years:
1	Greece	Greece
5	Greek	Greek
1	Guatemala	Guatemala
2	Gujarathi	Gujarathi
1	Guyana	Guyana
3	Guyanese	Guyanese
1	Haiti	Haiti
3	Haitian	Haitian
2	Occ024	Health care and social assistance
2	Occ025	Health diagnosing and treating practitioners and technical occupations
2	Occ026	Health technologists and technicians
2	HlthCarePractTechOcc:	Healthcare practitioners and technical occupations:
2	Occ027	Healthcare support occupations
2	Hebrew	Hebrew
26	HighSchGrad	High school graduate
34	HighSchGradEquiv	High school graduate (includes equivalency)
10	HighSchGrad:	High school graduate:
2	Hindi	Hindi
1	HispLatCivNInstPop5y and over	Hispanic or Latino civilian noninstitutionalized population 5 years and over
1	HispLatfemales 16y and over	Hispanic or Latino females 16 years and over
1	HispLatHh:	Hispanic or Latino householder:
1	HispLatown children Lt18y in Famand subfamilies	Hispanic or Latino own children under 18 years in families and subfamilies
3	HispLatpopulation	Hispanic or Latino population
1	HispLatPop15y and over	Hispanic or Latino population 15 years and over
1	HispLatPop16to19y	Hispanic or Latino population 16 to 19 years
3	HispLatPop16y and over	Hispanic or Latino population 16 years and over
1	HispLatPop16y and over with earnings in 1999	Hispanic or Latino population 16 years and over with earnings in 1999
1	HispLatPop18y and over	Hispanic or Latino population 18 years and over
1	HispLatPop25y and over	Hispanic or Latino population 25 years and over
1	HispLatPop3y and over	Hispanic or Latino population 3 years and over
3	HispLatPop5y and over	Hispanic or Latino population 5 years and over
2	HispLatpopulationwhom poverty status is determined	Hispanic or Latino population for whom poverty status is determined
1	HispLatworkers 16y and over	Hispanic or Latino workers 16 years and over
1	HispLat:	Hispanic or Latino:
1	Home equity loan only	Home equity loan only
1	Honduras	Honduras
1	Hong Kong	Hong Kong
41	Hh15to24y	Householder 15 to 24 years
10	Hh15to24y:	Householder 15 to 24 years:
6	Hh15to34y:	Householder 15 to 34 years:
1	Hh15to54y:	Householder 15 to 54 years:
12	Hh15to64y	Householder 15 to 64 years
10	Hh15to64y:	Householder 15 to 64 years:
43	Hh25to34y	Householder 25 to 34 years
20	Hh25to34y:	Householder 25 to 34 years:
10	Hh25to44y	Householder 25 to 44 years
43	Hh35to44y	Householder 35 to 44 years
20	Hh35to44y:	Householder 35 to 44 years:
6	Hh35to64y:	Householder 35 to 64 years:
43	Hh45to54y	Householder 45 to 54 years
20	Hh45to54y:	Householder 45 to 54 years:
10	Hh45to64y	Householder 45 to 64 years
12	Hh55to59y	Householder 55 to 59 years
31	Hh55to64y	Householder 55 to 64 years
21	Hh55to64y:	Householder 55 to 64 years:
12	Hh60to64y	Householder 60 to 64 years
43	Hh65to74y	Householder 65 to 74 years
21	Hh65to74y:	Householder 65 to 74 years:
22	HhGte65y	Householder 65 years and over
16	HhGte65y:	Householder 65 years and over:
8	Hh75to84y	Householder 75 to 84 years
35	HhGte75y	Householder 75 years and over
21	HhGte75y:	Householder 75 years and over:
8	HhGte85y	Householder 85 years and over
4	Hhdid not work in 1999	Householder did not work in 1999
2	Hhdid not work in 1999:	Householder did not work in 1999:
20	HhLivAlne	Householder living alone
2	Hhliving Aln:	Householder living alone:
22	HhNotLivAlne	Householder not living alone
1	Hhor spouse:	Householder or spouse:
12	HhLt25y	Householder under 25 years
10	HhLt25y:	Householder under 25 years:
5	Hhwho is AmIndAkNatAln	Householder who is American Indian and Alaska Native alone
5	Hhwho is AsnAln	Householder who is Asian alone
5	Hhwho is BlkAfAmerAln	Householder who is Black or African American alone
5	Hhwho is NatHiPacIslAln	Householder who is Native Hawaiian and Other Pacific Islander alone
5	Hhwho is Some other race Aln	Householder who is Some other race alone
5	Hhwho is Gte2races	Householder who is Two or more races
5	Hhwho is WhtAln	Householder who is White alone
4	Hhworked full-time year-round in 1999	Householder worked full-time, year-round in 1999
2	Hhworked full-time year-round in 1999:	Householder worked full-time, year-round in 1999:
4	Hhworked Ltfull-time year-round in 1999	Householder worked less than full-time, year-round in 1999
2	Hhworked Ltfull-time year-round in 1999:	Householder worked less than full-time, year-round in 1999:
2	Hh:	Householder:
34	HH	Households
5	HHwithHhwho is AmIndAkNatAln	Households with a householder who is American Indian and Alaska Native alone
5	HHwithHhwho is AsnAln	Households with a householder who is Asian alone
5	HHwithHhwho is BlkAfAmerAln	Households with a householder who is Black or African American alone
5	HHwithHhwho is HispanicorLatino	Households with a householder who is Hispanic or Latino
5	HHwithHhwho is NatHiPacIslAln	Households with a householder who is Native Hawaiian and Other Pacific Islander alone
5	HHwithHhwho is Some other race Aln	Households with a householder who is Some other race alone
4	HHwithHhwho is Gte2races	Households with a householder who is Two or more races
5	HHwithHhwho is WhtAln	Households with a householder who is White alone
5	HHwithHhwho is WhtAlnnot HispanicorLatino	Households with a householder who is White alone, not Hispanic or Latino
1	HHwithHhwho is twoormore races	Households with a householder who is two or more races
22	Housing units	Housing units
33	Housing units withmortgage	Housing units with a mortgage
1	Housing units withmortgage contracttopurchaseorsimilar debt:	Housing units with a mortgage, contract to purchase, or similar debt:
23	Housing units withmortgage:	Housing units with a mortgage:
34	Housing units withoutmortgage	Housing units without a mortgage
23	Housing units withoutmortgage:	Housing units without a mortgage:
5	Hungarian	Hungarian
1	Hungary	Hungary
2	HusbWifeWork	Husband and wife worked
1	HusbLaborFor:	Husband in labor force:
1	HusbNotLaborFor:	Husband not in labor force:
1	Husband/wife insubFam with children present	Husband/wife in a subfamily with children present
1	Husband/wife insubFam with no children present	Husband/wife in a subfamily with no children present
3	Icelander	Icelander
57	Imp	Imputed
3	Imp:	Imputed:
1	2pCarPool	In 2-person carpool
1	3pCarPool	In 3-person carpool
1	4pCarPool	In 4-person carpool
1	5or6pCarPool	In 5- or 6-person carpool
1	Gte7pCarPool	In 7-or-more-person carpool
86	ArmForce	In Armed Forces
10	ArmForce:	In Armed Forces:
15	PtoRico1995:	In Puerto Rico in 1995:
15	InUS1995:	In United States in 1995:
4	InMSA/PMSA1995:	In an MSA/PMSA in 1995:
2	FamHH:	In family households:
1	In father-child subfamilies:	In father-child subfamilies:
2	GrpQuart:	In group quarters:
1	In HHwhere all members speak English only:	In households where all members speak English only:
1	In HHwhere all members speaknon-English language:	In households where all members speak a non-English language:
1	In HHwhere some members speaknon-English language:	In households where some members speak a non-English language:
2	InHH:	In households:
40	InLaborFor	In labor force
88	InLaborFor:	In labor force:
6	MarriedCplFam	In married-couple families
1	MarriedCplFam:	In married-couple families:
20	In married-couple Fam:	In married-couple family:
1	In married-couple subfamilies:	In married-couple subfamilies:
1	In mother-child subfamilies:	In mother-child subfamilies:
2	NonFamHH:	In nonfamily households:
7	OthFam:	In other families:
20	In other Fam:	In other family:
8	Includes self-care Disab	Includes self-care disability
16	Incin 1999 atorabove poverty level	Income in 1999 at or above poverty level
62	Inc1999GtePovLev:	Income in 1999 at or above poverty level:
16	Incin 1999 below poverty level	Income in 1999 below poverty level
62	Inc1999LtPovLev:	Income in 1999 below poverty level:
1	India	India
1	Indonesia	Indonesia
2	Occ028	Information
2	UrbClust	Inside urban clusters
2	UrbArea	Inside urbanized areas
2	Occ029	Installation, maintenance, and repair occupations
2	InstPop	Institutionalized population
1	Iran	Iran
3	Iranian	Iranian
1	Iraq	Iraq
3	Iraqi	Iraqi
1	Ireland	Ireland
3	Irish	Irish
1	Israel	Israel
3	Israeli	Israeli
5	Italian	Italian
1	Italy	Italy
1	Jamaica	Jamaica
3	Jamaican	Jamaican
1	Japan	Japan
2	Japanese	Japanese
1	Jordan	Jordan
3	Jordanian	Jordanian
3	Kenyan	Kenyan
1	Korea	Korea
2	Korean	Korean
1	KorWarWWIINoViet	Korean War and World War II, no Vietnam era
1	KorWarNoVietNoWWII	Korean War, no Vietnam era, no World War II
11	Lacking complete kitchen facilities	Lacking complete kitchen facilities
1	Lacking complete kitchen facilities:	Lacking complete kitchen facilities:
13	Lacking complete plumbing facilities	Lacking complete plumbing facilities
7	Lacking complete plumbing facilities:	Lacking complete plumbing facilities:
1	LangStatImp	Language status imputed
1	LangStatNotImp	Language status not imputed
1	Laos	Laos
2	Laotian	Laotian
2	Latin America:	Latin America:
3	Latvian	Latvian
3	Lebanese	Lebanese
1	Lebanon	Lebanon
2	Occ030	Legal occupations
109	LtUsd10k	Less than $10,000
4	LtUsd10k:	Less than $10,000:
30	Lt$100	Less than $100
16	Lt$200	Less than $200
3	LtUsd200k	Less than $200,000
2	LtUsd5k	Less than $5,000
30	Lt10.0pct	Less than 10.0 percent
36	Lt20.0pct	Less than 20.0 percent
2	Lt30min:	Less than 30 minutes:
1	Lt5min	Less than 5 minutes
1	Lt6 months	Less than 6 months
28	Lt9th grade	Less than 9th grade
3	Liberian	Liberian
2	Occ031	Life, physical, and social science occupations
4	LingIso	Linguistically isolated
2	Linguistically isolated:	Linguistically isolated:
3	Lithuanian	Lithuanian
24	LvngAlone	Living alone
12	LvngAln:	Living alone:
1	LvngCentCity:	Living in a central city:
1	LvngPlace:	Living in a place:
2	LvngMSA/PMSA2000:	Living in an MSA/PMSA in 2000:
1	LvngMSA/PMSA:	Living in an MSA/PMSA:
1	LvngRemainMSA/PMSA:	Living in remainder of an MSA/PMSA:
1	Lvng12SelSt:	Living in the 12 selected states:
20	LvngWithFath:	Living with father:
20	LvngWithMoth:	Living with mother:
20	LvngWith1par:	Living with one parent:
6	LvngWithOwnGrdCldLt18y:	Living with own grandchildren under 18 years:
20	LvngWith2par:	Living with two parents:
6	Occ032	Local government workers
1	Lower contract rent quartile	Lower contract rent quartile
1	Lower Valquartile	Lower value quartile
3	Luxemburger	Luxemburger
3	Macedonian	Macedonian
1	Malaysia	Malaysia
26	Male	Male
6	MaleHh	Male householder
1	Male Hhand female partner	Male householder and female partner
1	Male Hhand male partner	Male householder and male partner
9	MaleHhNoWife	Male householder, no wife present
84	MaleHhNoWife:	Male householder, no wife present:
8	MaleHh:	Male householder:
115	Male:	Male:
3	Maltese	Maltese
2	Occ033	Management occupations, except farmers and farm managers
2	Occ034	Management of companies and enterprises
2	MgmtBusFinOp:	Management, business, and financial operations occupations:
2	MgmtProRel:	Management, professional, and related occupations:
2	Occ035	Manufacturing
4	MarriedSpAbs:	Married, spouse absent:
2	MarriedSpPres	Married, spouse present
2	Married spouse present:	Married, spouse present:
3	MarriedCplFam	Married-couple family
63	MarriedCplFam:	Married-couple family:
1	Married-couple subFam:	Married-couple subfamily:
2	MastDeg	Master's degree
2	Occ036	Material moving workers
1	May1975toJul1990:	May 1975 to July 1990 only:
7	Meals included in rent	Meals included in rent
1	Median contract rent	Median contract rent
10	MedFamInc1999	Median family income in 1999
10	Median gross rent	Median gross rent
10	Median gross rent aspercentagehousehold Incin 1999	Median gross rent as a percentage of household income in 1999
10	MedHHInc1999	Median household income in 1999
10	MedBFamHHInc1999	Median nonfamily household income in 1999
1	Median numberrooms	Median number of rooms
1	Median price asked	Median price asked
1	Median real estate taxes	Median real estate taxes
1	Median rent asked	Median rent asked
12	Median value	Median value
1	Median year structure built	Median year structure built
1	Melanesia	Melanesia
38	MentDisab	Mental disability
1	Mexico	Mexico
1	Mexico:	Mexico:
2	Miao Hmong	Miao, Hmong
1	Micronesia	Micronesia
1	Middle Africa	Middle Africa
21	MidWest	Midwest
2	Occ037	Mining
2	Mining:	Mining:
77	Mobile home	Mobile home
1	Mobile home:	Mobile home:
1	Mobile homes withmortgage	Mobile homes with a mortgage
1	Mobile homes withoutmortgage	Mobile homes without a mortgage
2	Mon-Khmer Cambodian	Mon-Khmer, Cambodian
1	Gt0toLt10pctTotEarnInd	More than 0 to less than 10 percent of total earnings for individual imputed
3	Gt0toLt10pctTotIncFam	More than 0 to less than 10 percent of total income for family imputed
1	Gt0toLt10pctTotIncHH	More than 0 to less than 10 percent of total income for household imputed
3	Gt0toLt10pctTotIncInd	More than 0 to less than 10 percent of total income for individual imputed
1	Gt0toLt10pctTotIncNFamHH	More than 0 to less than 10 percent of total income for nonfamily household imputed
3	Moroccan	Moroccan
20	MothOnlyLaborFor	Mother only in labor force
1	Mother-child subFam	Mother-child subfamily
2	Occ038	Motor vehicle operators
10	MotCycle	Motorcycle
2	Moved between central cities	Moved between central cities
2	Moved from central citytoremainderthis MSA/PMSA	Moved from central city to remainder of this MSA/PMSA
2	Moved from remainderthis MSA/PMSAtocentral city	Moved from remainder of this MSA/PMSA to central city
33	Mvd1969orearlier	Moved in 1969 or earlier
2	Mvd1969orearlier:	Moved in 1969 or earlier:
33	Mvd1970to1979	Moved in 1970 to 1979
2	Mvd1970to1979:	Moved in 1970 to 1979:
33	Mvd1980to1989	Moved in 1980 to 1989
2	Mvd1980to1989:	Moved in 1980 to 1989:
33	Mvd1990to1994	Moved in 1990 to 1994
2	Mvd1990to1994:	Moved in 1990 to 1994:
33	Mvd1995to1998	Moved in 1995 to 1998
2	Mvd1995to1998:	Moved in 1995 to 1998:
33	Mvd1999toMar2000	Moved in 1999 to March 2000
2	Mvd1999toMar2000:	Moved in 1999 to March 2000:
2	Moved within remainderthis MSA/PMSA	Moved within remainder of this MSA/PMSA
2	Moved within same central city	Moved within same central city
1	Multiple ancestry	Multiple ancestry
3	NatHawOthPacIsl	Native Hawaiian and Other Pacific Islander alone
1	NatHiPacIslAlnCivNInstPop5y and over	Native Hawaiian and Other Pacific Islander alone civilian noninstitutionalized population 5 years and over
1	NatHiPacIslAlnfemales 16y and over	Native Hawaiian and Other Pacific Islander alone females 16 years and over
1	NatHiPacIslAlnown children Lt18y in Famand subfamilies	Native Hawaiian and Other Pacific Islander alone own children under 18 years in families and subfamilies
3	NatHiPacIslAlnpopulation	Native Hawaiian and Other Pacific Islander alone population
1	NatHiPacIslAlnPop15y and over	Native Hawaiian and Other Pacific Islander alone population 15 years and over
1	NatHiPacIslAlnPop16to19y	Native Hawaiian and Other Pacific Islander alone population 16 to 19 years
3	NatHiPacIslAlnPop16y and over	Native Hawaiian and Other Pacific Islander alone population 16 years and over
1	NatHiPacIslAlnPop16y and over with earnings in 1999	Native Hawaiian and Other Pacific Islander alone population 16 years and over with earnings in 1999
1	NatHiPacIslAlnPop18y and over	Native Hawaiian and Other Pacific Islander alone population 18 years and over
1	NatHiPacIslAlnPop25y and over	Native Hawaiian and Other Pacific Islander alone population 25 years and over
1	NatHiPacIslAlnPop3y and over	Native Hawaiian and Other Pacific Islander alone population 3 years and over
2	NatHiPacIslAlnPop5y and over	Native Hawaiian and Other Pacific Islander alone population 5 years and over
2	NatHiPacIslAlnpopulationwhom poverty status is determined	Native Hawaiian and Other Pacific Islander alone population for whom poverty status is determined
1	NatHiPacIslAlnworkers 16y and over	Native Hawaiian and Other Pacific Islander alone workers 16 years and over
13	Native:	Native:
1	NatBorn	Natural-born
45	NatlzdCit	Naturalized citizen
2	Navajo	Navajo
20	NeitParLaborFor	Neither parent in labor force
1	Netherlands	Netherlands
2	NevMarried	Never married
2	Never married:	Never married:
3	New Zealander	New Zealander
1	Nicaragua	Nicaragua
1	Nigeria	Nigeria
3	Nigerian	Nigerian
5	NoSocSecInc	No Social Security income
1	NoSuppSecInc	No Supplemental Security Income (SSI)
1	NoVietEraServ:	No Vietnam era service:
3	No bedroom	No bedroom
1	No bedroom:	No bedroom:
22	No cash rent	No cash rent
68	NoDisab	No disability
1	NoDisabItem	No disability items imputed
50	NoDisab:	No disability:
41	NoEarn	No earnings
1	NoEarnImp	No earnings imputed
4	No employment Disab:	No employment disability:
1	No extra paymentany utilities	No extra payment for any utilities
3	No fuel used	No fuel used
4	No go-outside-home Disab	No go-outside-home disability
4	No go-outside-home Disab:	No go-outside-home disability:
4	No Inc	No income
8	NoIncImp	No income imputed
1	NoIntDivNetRentInc	No interest, dividends, or net rental income
8	NoItemImp	No items imputed
7	No meals included in rent	No meals included in rent
6	No mental Disab	No mental disability
4	No mental Disab:	No mental disability:
1	NoOthTypeInc	No other types of income
80	NoOwnChldLt18y	No own children under 18 years
13	NoOwnChldLt18y:	No own children under 18 years:
6	No physical Disab	No physical disability
4	No physical Disab:	No physical disability:
5	NoPubAssInc	No public assistance income
1	No real estates taxes paid	No real estates taxes paid
75	NoRelChldLt18y	No related children under 18 years
1	NoRetInc	No retirement income
2	NoSchlComp	No schooling completed
1	No second mortgage and no home equity loan	No second mortgage and no home equity loan
2	No selected conditions	No selected conditions
6	No self-care Disab	No self-care disability
4	No self-care Disab:	No self-care disability:
1	NoSelfEmplInc	No self-employment income
6	No sensory Disab	No sensory disability
4	No sensory Disab:	No sensory disability:
1	No subfamilies	No subfamilies
13	No telephone service available	No telephone service available
2	No telephone service available:	No telephone service available:
11	No vehicle available	No vehicle available
2	No vehicle available:	No vehicle available:
1	NoWageSalInc	No wage or salary income
4	NoWorkers	No workers
6	NFamHh	Nonfamily householder
24	NFamHh:	Nonfamily householder:
7	NFamHH	Nonfamily households
1	NFamHHwithHhwho is AmIndAkNatAln	Nonfamily households with a householder who is American Indian and Alaska Native alone
1	NFamHHwithHhwho is AsnAln	Nonfamily households with a householder who is Asian alone
1	NFamHHwithHhwho is BlkAfAmerAln	Nonfamily households with a householder who is Black or African American alone
1	NFamHHwithHhwho is HispanicorLatino	Nonfamily households with a householder who is Hispanic or Latino
1	NFamHHwithHhwho is NatHiPacIslAln	Nonfamily households with a householder who is Native Hawaiian and Other Pacific Islander alone
1	NFamHHwithHhwho is Some other race Aln	Nonfamily households with a householder who is Some other race alone
1	NFamHHwithHhwho is Gte2races	Nonfamily households with a householder who is Two or more races
1	NFamHHwithHhwho is WhtAln	Nonfamily households with a householder who is White alone
1	NFamHHwithHhwho is WhtAlnnot HispanicorLatino	Nonfamily households with a householder who is White alone, not Hispanic or Latino
31	NFamHH:	Nonfamily households:
2	Nonfarm	Nonfarm
2	NonInstPop	Noninstitutionalized population
4	NonRel	Nonrelatives
40	NonVet	Nonveteran
21	NorthEast	Northeast
1	Northern Africa:	Northern Africa:
2	Northern America:	Northern America:
1	Northern Europe:	Northern Europe:
3	Northern European	Northern European
3	Norwegian	Norwegian
1	Not HispLatHh:	Not Hispanic or Latino householder:
1	NotHispLat:	Not Hispanic or Latino:
45	NotCitzn	Not a citizen
66	Not computed	Not computed
128	NotEmpl	Not employed
2	Not enrolled in collegeorgraduate school:	Not enrolled in college or graduate school:
11	NotEnrldSchl	Not enrolled in school
26	NotEnrldSchl:	Not enrolled in school:
30	NotHighSchlGrad	Not high school graduate
10	NotHighSchlGrad:	Not high school graduate:
60	NotImp	Not imputed
8	NotMSA/PMSA1995	Not in an MSA/PMSA in 1995
158	NotLaborFor	Not in labor force
4	NotLingIsol	Not linguistically isolated
2	Not linguistically isolated:	Not linguistically isolated:
24	NotLivAlone	Not living alone
12	Not living Aln:	Not living alone:
1	NotLivPlace	Not living in a place
2	NotLivMSA/PMSA2000:	Not living in an MSA/PMSA in 2000:
1	NotLivMSA/PMSA:	Not living in an MSA/PMSA:
1	NotLiv12SelSt	Not living in the 12 selected states
6	NotLivWthOwnGndChldLt18y	Not living with own grandchildren under 18 years
2	Not same cityortown:	Not same city or town:
4	NowMarried:	Now married:
2	Nursto4thGr	Nursery to 4th grade
2	Occupied	Occupied
56	Occupied housing units	Occupied housing units
7	OcpHousUntwithHhwho is AmIndAkNatAln	Occupied housing units with a householder who is American Indian and Alaska Native alone
7	OcpHousUntwithHhwho is AsnAln	Occupied housing units with a householder who is Asian alone
7	OcpHousUntwithHhwho is BlkAfAmerAln	Occupied housing units with a householder who is Black or African American alone
8	OcpHousUntwithHhwho is HispanicorLatino	Occupied housing units with a householder who is Hispanic or Latino
7	OcpHousUntwithHhwho is NatHiPacIslAln	Occupied housing units with a householder who is Native Hawaiian and Other Pacific Islander alone
7	OcpHousUntwithHhwho is Some other race Aln	Occupied housing units with a householder who is Some other race alone
7	OcpHousUntwithHhwho is Gte2races	Occupied housing units with a householder who is Two or more races
7	OcpHousUntwithHhwho is WhtAln	Occupied housing units with a householder who is White alone
8	OcpHousUntwithHhwho is WhtAlnnot HispanicorLatino	Occupied housing units with a householder who is White alone, not Hispanic or Latino
1	Oceania n.e.c.	Oceania, n.e.c.
2	Oceania:	Oceania:
2	Occ039	Office and administrative support occupations
2	Gte1ButNotAllGeoImp	One or more but not all geographic parts imputed
1	Gte1DisabItemImp	One or more disability items imputed
8	Gte1ItemImp	One or more items imputed
6	Oth	Other
3	OthArab	Other Arab
2	OthAsnlanguages	Other Asian languages
1	OthAustralian and New Zealand Subregion	Other Australian and New Zealand Subregion
1	OthCaribbean	Other Caribbean
1	OthCentral America	Other Central America
2	OthCentral America:	Other Central America:
1	OthEastern Africa	Other Eastern Africa
1	OthEastern Asia	Other Eastern Asia
1	OthEastern Europe	Other Eastern Europe
2	OthIndic languages	Other Indic languages
2	OthIndo-European languages	Other Indo-European languages
1	OthIndEuroLang:	Other Indo-European languages:
1	OthMay1975toJul1990Serv	Other May 1975 to July 1990 service
2	OthNative North American languages	Other Native North American languages
1	OthNorthern Africa	Other Northern Africa
1	OthNorthern America	Other Northern America
1	OthNorthern Europe	Other Northern Europe
2	OthPacific Island languages	Other Pacific Island languages
2	OthSlavic languages	Other Slavic languages
1	OthSouth America	Other South America
1	OthSouth Central Asia	Other South Central Asia
1	OthSouth Eastern Asia	Other South Eastern Asia
1	OthSouthern Africa	Other Southern Africa
1	OthSouthern Europe	Other Southern Europe
3	OthSubsaharan African	Other Subsaharan African
2	OthWest Germanic languages	Other West Germanic languages
3	OthWest Indian	Other West Indian
1	OthWestern Africa	Other Western Africa
1	OthWestern Asia	Other Western Asia
1	OthWestern Europe	Other Western Europe
2	Othand unspecified languages	Other and unspecified languages
4	Othcombination	Other combination
66	OthFam:	Other family:
3	Othfuel	Other fuel
3	Othgroups	Other groups
1	OthLang:	Other languages:
18	OthMeans	Other means
2	OthMeansWrkHome	Other means (including those who worked at home)
2	Occ040	Other protective service workers, including supervisors
2	OthRel	Other relatives
1	OthrelativesornonrelativesHh:	Other relatives or nonrelatives of householder:
1	OthServOnly	Other service only
2	Occ041	Other services (except public administration)
26	Othunrelated individuals	Other unrelated individuals
4	Othunrelated individuals:	Other unrelated individuals:
2	Othvacant	Other vacant
24	Other:	Other:
1	Own children Lt18y	Own children under 18 years
1	Own children Lt18y in Famand subfamilies	Own children under 18 years in families and subfamilies
11	Owner occupied	Owner occupied
40	Owner occupied:	Owner occupied:
7	Owner-occupied housing units	Owner-occupied housing units
3	Owner-occupied mobile homes	Owner-occupied mobile homes
1	Pakistan	Pakistan
3	Palestinian	Palestinian
1	Panama	Panama
4	Parent	Parent
1	Parentorparent-in-lawHh:	Parent or parent-in-law of householder:
1	Pay extraoneormore utilities	Pay extra for one or more utilities
3	Pennsylvania German	Pennsylvania German
1	People with ancestry reported	People with ancestry reported
10	PerCapInc1999	Per capita income in 1999
1	Percentoccupied housing units in sample	Percent of occupied housing units in sample
1	PctPopSample	Percent of the population in sample
1	Percentvacant housing units in sample	Percent of vacant housing units in sample
2	Persian	Persian
2	Occ042	Personal care and service occupations
1	Peru	Peru
1	Philippines	Philippines
38	PhysDisab	Physical disability
1	Poland	Poland
5	Polish	Polish
1	Polynesia	Polynesia
7	Pop15y and over	Population 15 years and over
1	Pop15y and over with Incin 1999	Population 15 years and over with income in 1999
1	Pop16to19y	Population 16 to 19 years
9	Pop16y and over	Population 16 years and over
3	Pop16y and over with earnings	Population 16 years and over with earnings
1	Pop16y and over with earnings in 1999	Population 16 years and over with earnings in 1999
3	Pop18y and over	Population 18 years and over
2	Pop25y and over	Population 25 years and over
3	Pop3y and over	Population 3 years and over
1	Pop3y and over enrolled in school	Population 3 years and over enrolled in school
5	Pop30y and over in HH	Population 30 years and over in households
12	Pop5y and over	Population 5 years and over
1	Pop5y and over in HH	Population 5 years and over in households
1	Pop5y and over in linguistically isolated HH	Population 5 years and over in linguistically isolated households
1	Pop65y and over	Population 65 years and over
6	Populationwhom poverty status is determined	Population for whom poverty status is determined
1	Popin families	Population in families
1	Popin group quarters	Population in group quarters
1	Popin HH	Population in households
3	Popin occupied housing units	Population in occupied housing units
1	Popin subfamilies	Population in subfamilies
1	Popnot in familieswhom poverty status is determined	Population not in families for whom poverty status is determined
1	Portugal	Portugal
3	Portuguese	Portuguese
2	PortugueseorPortuguese Creole	Portuguese or Portuguese Creole
6	PrivProfWageSalWork:	Private for-profit wage and salary workers:
6	Occ043	Private not-for-profit wage and salary workers
59	PrivSchl	Private school
2	Occ044	Production occupations
2	ProdTransMatMov:	Production, transportation, and material moving occupations:
2	ProfRelOcc:	Professional and related occupations:
2	ProfDeg	Professional school degree
2	Occ045	Professional, scientific, and technical services
2	ProfSciMgmtAdminWasteMgmt:	Professional, scientific, management, administrative, and waste management services:
2	ProtServOcc:	Protective service occupations:
2	Occ046	Public administration
59	PubSchl	Public school
8	PubTrans	Public transportation
10	PubTrans:	Public transportation:
10	PrtoRico	Puerto Rico
2	Occ047	Rail, water and other transportation occupations
10	RR	Railroad
2	Occ048	Real estate and rental and leasing
1	RelCldLt18y	Related children under 18 years
1	RelCldLt18y who are AmIndAkNatAln	Related children under 18 years who are American Indian and Alaska Native alone
1	RelCldLt18y who are AsnAln	Related children under 18 years who are Asian alone
1	RelCldLt18y who are BlkAfAmerAln	Related children under 18 years who are Black or African American alone
1	RelCldLt18y who are HispanicorLatino	Related children under 18 years who are Hispanic or Latino
1	RelCldLt18y who are NatHiPacIslAln	Related children under 18 years who are Native Hawaiian and Other Pacific Islander alone
1	RelCldLt18y who are Some other race Aln	Related children under 18 years who are Some other race alone
1	RelCldLt18y who are Gte2races	Related children under 18 years who are Two or more races
1	RelCldLt18y who are WhtAln	Related children under 18 years who are White alone
1	RelCldLt18y who are WhtAlnnot HispanicorLatino	Related children under 18 years who are White alone, not Hispanic or Latino
3	RemMSA/PMSA	Remainder of MSA/PMSA
2	Remainderan MSA/PMSA	Remainder of an MSA/PMSA
6	RemDiffMSA/PMSA	Remainder of different MSA/PMSA
5	RemThisMSA/PMSA	Remainder of this MSA/PMSA
2	Rentedorsold not occupied	Rented or sold, not occupied
12	Renter occupied	Renter occupied
39	Renter occupied:	Renter occupied:
2	Occ049	Retail trade
1	Romania	Romania
3	Romanian	Romanian
2	Rural:	Rural:
1	Russia	Russia
5	Russian	Russian
2	SalesOffOcc:	Sales and office occupations:
2	Occ050	Sales and related occupations
4	SameMSA/PMSA1995:	Same MSA/PMSA in 1995:
1	Same cityortown	Same city or town
1	Same cityortown:	Same city or town:
12	SameCnty	Same county
1	SameHouse	Same house
14	SameHouse1995	Same house in 1995
1	Same house in 1995:	Same house in 1995:
11	SameMunic	Same municipio
11	SameSt	Same state
3	Scandinavian	Scandinavian
2	Scandinavian languages	Scandinavian languages
3	Scotch-Irish	Scotch-Irish
3	Scottish	Scottish
1	Second ancestry reported:	Second ancestry reported:
1	Second mortgage only	Second mortgage only
38	SelfCareDisab	Self-care disability
6	SelfEmplOwnIncBus	Self-employed in own incorporated business
6	SelfEmplWrkrsOwnNotIncBus	Self-employed workers in own not incorporated business
3	Senegalese	Senegalese
38	SensDisab	Sensory disability
2	Seprtd	Separated
2	Separated:	Separated:
1	Sept1980toJuly1990:	September 1980 to July 1990 only:
3	Serbian	Serbian
2	Serbo-Croatian	Serbo-Croatian
2	SrvdGte2y	Served 2 or more years
1	SrvdSept1980LaterOn:	Served September 1980 or later only:
1	SrvdVietEra	Served in Vietnam era
1	SrvdPreSept1980	Served prior to September 1980
2	SrvdLt2y	Served under 2 years
2	ServOcc:	Service occupations:
1	Sierra Leone	Sierra Leone
3	Sierra Leonean	Sierra Leonean
1	Single ancestry	Single ancestry
3	Slavic	Slavic
3	Slovak	Slovak
3	Slovene	Slovene
3	Solar energy	Solar energy
3	Somalian	Somalian
2	SmeCollGte1yNoDeg	Some college, 1 or more years, no degree
2	SmeCollLt1y	Some college, less than 1 year
32	Some college no degree	Some college, no degree
3	SmeOthRaceAlone	Some other race alone
1	Some other race AlnCivNInstPop5y and over	Some other race alone civilian noninstitutionalized population 5 years and over
1	Some other race Alnfemales 16y and over	Some other race alone females 16 years and over
1	Some other race Alnown children Lt18y in Famand subfamilies	Some other race alone own children under 18 years in families and subfamilies
3	Some other race Alnpopulation	Some other race alone population
1	Some other race AlnPop15y and over	Some other race alone population 15 years and over
1	Some other race AlnPop16to19y	Some other race alone population 16 to 19 years
3	Some other race AlnPop16y and over	Some other race alone population 16 years and over
1	Some other race AlnPop16y and over with earnings in 1999	Some other race alone population 16 years and over with earnings in 1999
1	Some other race AlnPop18y and over	Some other race alone population 18 years and over
1	Some other race AlnPop25y and over	Some other race alone population 25 years and over
1	Some other race AlnPop3y and over	Some other race alone population 3 years and over
2	Some other race AlnPop5y and over	Some other race alone population 5 years and over
2	Some other race Alnpopulationwhom poverty status is determined	Some other race alone population for whom poverty status is determined
1	Some other race Alnworkers 16y and over	Some other race alone workers 16 years and over
21	South	South
1	South Africa	South Africa
3	South African	South African
2	South America:	South America:
1	South Central Asia:	South Central Asia:
1	South Eastern Asia:	South Eastern Asia:
1	Southern Africa:	Southern Africa:
1	Southern Europe:	Southern Europe:
3	Soviet Union	Soviet Union
1	Spain	Spain
2	SpanishorSpanish Creole	Spanish or Spanish Creole
1	Spanish:	Spanish:
8	SpkAsianPacIslLang:	Speak Asian and Pacific Island languages:
48	SpkEnglNotAtAll	Speak English "not at all"
48	SpkEnglNotWell	Speak English "not well"
48	SpkEnglVryWell	Speak English "very well"
48	SpkEnglWell	Speak English "well"
9	SpkSpanish:	Speak Spanish:
37	SpkOnlyEngl	Speak only English
1	Spkonly English:	Speak only English:
8	SpkOthIndoEurLang:	Speak other Indo-European languages:
1	Spkother language	Speak other language
37	SpkOthLang:	Speak other languages:
21	Specified owner-occupied housing units	Specified owner-occupied housing units
8	OwnOcpHousUntwithHhwho is AmIndAkNatAln	Specified owner-occupied housing units with a householder who is American Indian and Alaska Native alone
8	OwnOcpHousUntwithHhwho is AsnAln	Specified owner-occupied housing units with a householder who is Asian alone
8	OwnOcpHousUntwithHhwho is BlkAfAmerAln	Specified owner-occupied housing units with a householder who is Black or African American alone
8	OwnOcpHousUntwithHhwho is HispanicorLatino	Specified owner-occupied housing units with a householder who is Hispanic or Latino
8	OwnOcpHousUntwithHhwho is NatHiPacIslAln	Specified owner-occupied housing units with a householder who is Native Hawaiian and Other Pacific Islander alone
8	OwnOcpHousUntwithHhwho is Some other race Aln	Specified owner-occupied housing units with a householder who is Some other race alone
8	OwnOcpHousUntwithHhwho is Gte2races	Specified owner-occupied housing units with a householder who is Two or more races
8	OwnOcpHousUntwithHhwho is WhtAln	Specified owner-occupied housing units with a householder who is White alone
8	OwnOcpHousUntwithHhwho is WhtAlnnot HispanicorLatino	Specified owner-occupied housing units with a householder who is White alone, not Hispanic or Latino
11	Specified renter-occupied housing units	Specified renter-occupied housing units
12	RentOcpHousUntpaying cash rent	Specified renter-occupied housing units paying cash rent
3	RentOcpHousUntpaying cash rent withHhwho is AmIndAkNatAln	Specified renter-occupied housing units paying cash rent with a householder who is American Indian and Alaska Native alone
3	RentOcpHousUntpaying cash rent withHhwho is AsnAln	Specified renter-occupied housing units paying cash rent with a householder who is Asian alone
3	RentOcpHousUntpaying cash rent withHhwho is BlkAfAmerAln	Specified renter-occupied housing units paying cash rent with a householder who is Black or African American alone
3	RentOcpHousUntpaying cash rent withHhwho is HispanicorLatino	Specified renter-occupied housing units paying cash rent with a householder who is Hispanic or Latino
3	RentOcpHousUntpaying cash rent withHhwho is NatHiPacIslAln	Specified renter-occupied housing units paying cash rent with a householder who is Native Hawaiian and Other Pacific Islander alone
3	RentOcpHousUntpaying cash rent withHhwho is Some other race Aln	Specified renter-occupied housing units paying cash rent with a householder who is Some other race alone
3	RentOcpHousUntpaying cash rent withHhwho is Gte2races	Specified renter-occupied housing units paying cash rent with a householder who is Two or more races
3	RentOcpHousUntpaying cash rent withHhwho is WhtAln	Specified renter-occupied housing units paying cash rent with a householder who is White alone
3	RentOcpHousUntpaying cash rent withHhwho is WhtAlnnot HispanicorLatino	Specified renter-occupied housing units paying cash rent with a householder who is White alone, not Hispanic or Latino
1	RentOcpHousUntrent withHhwho is AsnAln	Specified renter-occupied housing units rent with a householder who is Asian alone
2	RentOcpHousUntwithHhwho is AmIndAkNatAln	Specified renter-occupied housing units with a householder who is American Indian and Alaska Native alone
1	RentOcpHousUntwithHhwho is AsnAln	Specified renter-occupied housing units with a householder who is Asian alone
2	RentOcpHousUntwithHhwho is BlkAfAmerAln	Specified renter-occupied housing units with a householder who is Black or African American alone
2	RentOcpHousUntwithHhwho is HispanicorLatino	Specified renter-occupied housing units with a householder who is Hispanic or Latino
2	RentOcpHousUntwithHhwho is NatHiPacIslAln	Specified renter-occupied housing units with a householder who is Native Hawaiian and Other Pacific Islander alone
2	RentOcpHousUntwithHhwho is Some other race Aln	Specified renter-occupied housing units with a householder who is Some other race alone
2	RentOcpHousUntwithHhwho is Gte2races	Specified renter-occupied housing units with a householder who is Two or more races
2	RentOcpHousUntwithHhwho is WhtAln	Specified renter-occupied housing units with a householder who is White alone
2	RentOcpHousUntwithHhwho is WhtAlnnot HispanicorLatino	Specified renter-occupied housing units with a householder who is White alone, not Hispanic or Latino
4	Specified vacant-for-rent housing units	Specified vacant-for-rent housing units
4	Specified vacant-for-sale-only housing units	Specified vacant-for-sale-only housing units
2	Spouse	Spouse
6	Spouse did not work in 1999	Spouse did not work in 1999
6	Spouse worked full-time year-round in 1999	Spouse worked full-time, year-round in 1999
6	Spouse worked Ltfull-time year-round in 1999	Spouse worked less than full-time, year-round in 1999
6	Occ051	State government workers
1	Step	Step
10	StrtcarTrolley	Streetcar or trolley car (pblico in Puerto Rico)
1	Subfamilies	Subfamilies
3	Subsaharan African:	Subsaharan African:
10	SubwayElev	Subway or elevated
3	Sudanese	Sudanese
2	Occ052	Supervisors, construction and extraction workers
2	Occ053	Supervisors, transportation and material moving workers
1	Sweden	Sweden
3	Swedish	Swedish
3	Swiss	Swiss
1	Syria	Syria
3	Syrian	Syrian
2	Tagalog	Tagalog
1	Taiwan	Taiwan
10	Taxi	Taxicab
2	Thai	Thai
1	Thailand	Thailand
54	Tot	Total
10	TotDisabPeople16to64y:	Total disabilities tallied for people 16 to 64 years:
10	TotDisabPeople5to15y:	Total disabilities tallied for people 5 to 15 years:
10	TotDisabPeopleGte65y:	Total disabilities tallied for people 65 years and over:
1	TotDisab talliedCivNInstAmIndAkNatAlnPop5y and over with Disab	Total disabilities tallied for the civilian noninstitutionalized American Indian and Alaska Native alone population 5 years and over with disabilities
1	TotDisab talliedCivNInstAsnAlnPop5y and over with Disab	Total disabilities tallied for the civilian noninstitutionalized Asian alone population 5 years and over with disabilities
1	TotDisab talliedCivNInstBlkAfAmerAlnPop5y and over with Disab	Total disabilities tallied for the civilian noninstitutionalized Black or African American alone population 5 years and over with disabilities
1	TotDisab talliedCivNInstHispLatPop5y and over with Disab	Total disabilities tallied for the civilian noninstitutionalized Hispanic or Latino population 5 years and over with disabilities
1	TotDisab talliedCivNInstNatHiPacIslAlnPop5y and over with Disab	Total disabilities tallied for the civilian noninstitutionalized Native Hawaiian and Other Pacific Islander alone population 5 years and over with disabilities
1	TotDisab talliedCivNInstSome other race AlnPop5y and over with Disab	Total disabilities tallied for the civilian noninstitutionalized Some other race alone population 5 years and over with disabilities
1	TotDisab talliedCivNInstGte2races Pop5y and over with Disab	Total disabilities tallied for the civilian noninstitutionalized Two or more races population 5 years and over with disabilities
1	TotDisab talliedCivNInstWhtAlnPop5y and over with Disab	Total disabilities tallied for the civilian noninstitutionalized White alone population 5 years and over with disabilities
1	TotDisab talliedCivNInstWhtAlnnot HispLatPop5y and over with Disab	Total disabilities tallied for the civilian noninstitutionalized White alone, not Hispanic or Latino population 5 years and over with disabilities
10	TotDisab:	Total disabilities tallied:
18	Totpopulation	Total population
3	TotPopin occupied housing units:	Total population in occupied housing units:
1	Totspecified ancestries tallied:	Total specified ancestries tallied:
573	Tot:	Total:
2	TransMatMovOcc:	Transportation and material moving occupations:
2	Occ054	Transportation and warehousing
2	TransWareUtil:	Transportation and warehousing, and utilities:
1	Trinidad and Tobago	Trinidad and Tobago
3	Trinidadian and Tobagonian	Trinidadian and Tobagonian
1	Turkey	Turkey
3	Turkish	Turkish
3	Gte2Races	Two or more races
1	Gte2races CivNInstPop5y and over	Two or more races civilian noninstitutionalized population 5 years and over
1	Gte2races females 16y and over	Two or more races females 16 years and over
1	Gte2races own children Lt18y in Famand subfamilies	Two or more races own children under 18 years in families and subfamilies
3	Gte2races population	Two or more races population
1	Gte2races Pop15y and over	Two or more races population 15 years and over
1	Gte2races Pop16to19y	Two or more races population 16 to 19 years
3	Gte2races Pop16y and over	Two or more races population 16 years and over
1	Gte2races Pop16y and over with earnings in 1999	Two or more races population 16 years and over with earnings in 1999
1	Gte2races Pop18y and over	Two or more races population 18 years and over
1	Gte2races Pop25y and over	Two or more races population 25 years and over
1	Gte2races Pop3y and over	Two or more races population 3 years and over
2	Gte2races Pop5y and over	Two or more races population 5 years and over
2	Gte2races populationwhom poverty status is determined	Two or more races population for whom poverty status is determined
1	Gte2races workers 16y and over	Two or more races workers 16 years and over
21	USIslAreas	U.S. Island Areas
3	U.S. Virgin Islander	U.S. Virgin Islander
3	Ugandan	Ugandan
1	Ukraine	Ukraine
3	Ukrainian	Ukrainian
2	Unclassifiedornot reported	Unclassified or not reported
14	Lt0.50	Under .50
2	Lt1y	Under 1 year
1	Lt1.30:	Under 1.30:
1	Lt1.50:	Under 1.50:
4	Lt25y:	Under 25 years:
3	Lt3y	Under 3 years
8	Lt5 and 5to17y	Under 5 and 5 to 17 years
138	Lt5y	Under 5 years
64	Lt5yand5to17y	Under 5 years and 5 to 17 years
72	Lt5yOnly	Under 5 years only
1	Lt5y:	Under 5 years:
6	Lt6 and 6to17y	Under 6 and 6 to 17 years
6	Lt6yand6to17y	Under 6 years and 6 to 17 years
10	Lt6yand6to17y:	Under 6 years and 6 to 17 years:
12	Lt6yOnly	Under 6 years only
10	Lt6yOnly:	Under 6 years only:
10	Lt6y:	Under 6 years:
2	Lt65y:	Under 65 years:
121	Unempl	Unemployed
1	Unempl:	Unemployed:
1	United Kingdom	United Kingdom
3	United StatesorAmerican	United States or American
1	Unmarried-partner HH:	Unmarried-partner households:
6	UnpaidFamWrkr	Unpaid family workers
6	UnrelInd	Unrelated individuals
1	Unrelated individuals 15y and overwhom poverty status is determined	Unrelated individuals 15 years and over for whom poverty status is determined
4	Unrelated individualswhom poverty status is determined	Unrelated individuals for whom poverty status is determined
1	Unrelated individuals with Incin 1999 belowpoverty level	Unrelated individuals with income in 1999 below the poverty level
1	Upper contract rent quartile	Upper contract rent quartile
1	Upper Valquartile	Upper value quartile
2	Urban:	Urban:
2	Urdu	Urdu
20	UslyWork1to14hWeek:	Usually worked 1 to 14 hours per week:
20	UslyWork15to34hWeek:	Usually worked 15 to 34 hours per week:
20	UslyWorkGte35hWeek:	Usually worked 35 or more hours per week:
2	Occ055	Utilities
3	Utility gas	Utility gas
2	Vacant	Vacant
4	Vacant housing units	Vacant housing units
7	ValUsd10kto19k	Value $10,000 to $19,999
7	ValUsd100kto199k	Value $100,000 to $199,999
7	ValUsd20kto29k	Value $20,000 to $29,999
7	ValUsd200kto299k	Value $200,000 to $299,999
7	ValUsd30kto39k	Value $30,000 to $39,999
7	ValUsd300kto499k	Value $300,000 to $499,999
7	ValUsd40kto49k	Value $40,000 to $49,999
7	ValUsd50kto59k	Value $50,000 to $59,999
7	ValUsd500korM	Value $500,000 or more
7	ValUsd60kto69k	Value $60,000 to $69,999
7	ValUsd70kto79k	Value $70,000 to $79,999
7	ValUsd80kto89k	Value $80,000 to $89,999
7	ValUsd90kto99k	Value $90,000 to $99,999
7	ValLt$10000	Value less than $10,000
1	Venezuela	Venezuela
40	Vet	Veteran
1	Vietnam	Vietnam
1	VietKorWarNoWWIINoAug1990Later	Vietnam era and Korean War, no World War II, no August 1990 or later
1	VietKorWarWWIINoAug1990Later	Vietnam era, Korean War, and World War II, no August 1990 or later
1	VietNoKorWarNoWWIINoAug1990Later	Vietnam era, no Korean War, no World War II, no August 1990 or later
2	Vietnamese	Vietnamese
10	Walked	Walked
3	Welsh	Welsh
21	West	West
3	West Indian	West Indian
3	West Indian (excluding Hispanic groups):	West Indian (excluding Hispanic groups):
1	Western Africa:	Western Africa:
1	Western Asia:	Western Asia:
1	Western Europe:	Western Europe:
1	WhtAlnnot HispLatpopulation	White Alone, not Hispanic or Latino population
3	WhiteAlone	White alone
1	WhtAlnCivNInstPop5y and over	White alone civilian noninstitutionalized population 5 years and over
1	WhtAlnfemales 16y and over	White alone females 16 years and over
1	WhtAlnown children Lt18y in Famand subfamilies	White alone own children under 18 years in families and subfamilies
3	WhtAlnpopulation	White alone population
1	WhtAlnPop15y and over	White alone population 15 years and over
1	WhtAlnPop16to19y	White alone population 16 to 19 years
3	WhtAlnPop16y and over	White alone population 16 years and over
1	WhtAlnPop16y and over with earnings in 1999	White alone population 16 years and over with earnings in 1999
1	WhtAlnPop18y and over	White alone population 18 years and over
1	WhtAlnPop25y and over	White alone population 25 years and over
1	WhtAlnPop3y and over	White alone population 3 years and over
2	WhtAlnPop5y and over	White alone population 5 years and over
2	WhtAlnpopulationwhom poverty status is determined	White alone population for whom poverty status is determined
1	WhtAlnworkers 16y and over	White alone workers 16 years and over
1	WhtAlnnot HispLatCivNInstPop5y and over	White alone, not Hispanic or Latino civilian noninstitutionalized population 5 years and over
1	WhtAlnnot HispLatfemales 16y and over	White alone, not Hispanic or Latino females 16 years and over
1	WhtAlnnot HispLatown children Lt18y in Famand subfamilies	White alone, not Hispanic or Latino own children under 18 years in families and subfamilies
2	WhtAlnnot HispLatpopulation	White alone, not Hispanic or Latino population
1	WhtAlnnot HispLatPop15y and over	White alone, not Hispanic or Latino population 15 years and over
1	WhtAlnnot HispLatPop16to19y	White alone, not Hispanic or Latino population 16 to 19 years
3	WhtAlnnot HispLatPop16y and over	White alone, not Hispanic or Latino population 16 years and over
1	WhtAlnnot HispLatPop16y and over with earnings in 1999	White alone, not Hispanic or Latino population 16 years and over with earnings in 1999
1	WhtAlnnot HispLatPop18y and over	White alone, not Hispanic or Latino population 18 years and over
1	WhtAlnnot HispLatPop25y and over	White alone, not Hispanic or Latino population 25 years and over
1	WhtAlnnot HispLatPop3y and over	White alone, not Hispanic or Latino population 3 years and over
2	WhtAlnnot HispLatPop5y and over	White alone, not Hispanic or Latino population 5 years and over
2	WhtAlnnot HispLatpopulationwhom poverty status is determined	White alone, not Hispanic or Latino population for whom poverty status is determined
1	WhtAlnnot HispLatworkers 16y and over	White alone, not Hispanic or Latino workers 16 years and over
2	Occ056	Wholesale trade
2	Widowed	Widowed
2	Widowed:	Widowed:
3	WifeLaborFor:	Wife in labor force:
3	WifeNotLaborFor	Wife not in labor force
12	WthSSI and/or public assistance Incin 1999	With SSI and/or public assistance income in 1999
5	WthSocSecInc	With Social Security income
12	WthSocial Security Incin 1999:	With Social Security income in 1999:
1	WthSuppSecInc	With Supplemental Security Income (SSI)
60	WithDisab	With a disability
50	WithDisab:	With a disability:
4	Withgo-outside-home Disab	With a go-outside-home disability
4	Withgo-outside-home Disab:	With a go-outside-home disability:
6	Withmental Disab	With a mental disability
4	Withmental Disab:	With a mental disability:
6	Withphysical Disab	With a physical disability
4	Withphysical Disab:	With a physical disability:
6	Withself-care Disab	With a self-care disability
4	Withself-care Disab:	With a self-care disability:
6	Withsensory Disab	With a sensory disability
4	Withsensory Disab:	With a sensory disability:
4	Wthan employment Disab:	With an employment disability:
22	Wthcash rent:	With cash rent:
1	WthEarn	With earnings
40	Wthearnings:	With earnings:
1	Wtheithersecond mortgageorhome equity loan but not both:	With either a second mortgage or home equity loan, but not both:
2	Wthfour selected conditions	With four selected conditions
4	WthInc:	With income:
1	WthIntDivNetRentInc	With interest, dividends, or net rental income
2	Wthone selected condition	With one selected condition
8	Wthone typeDisab:	With one type of disability:
1	WthOthInc	With other types of income
71	WthOwnChldLt18y	With own children under 18 years
22	WthOwnChldLt18y:	With own children under 18 years:
5	WthPubAssInc	With public assistance income
12	Wthpublic assistance Incin 1999	With public assistance income in 1999
75	WthRelChldLt18y:	With related children under 18 years:
1	WthRetInc	With retirement income
1	WthSelfEmplInc	With self-employment income
13	Wthtelephone service available	With telephone service available
2	Wthtelephone service available:	With telephone service available:
2	Wththree selected conditions	With three selected conditions
8	Wthtwoormore typesDisab:	With two or more types of disability:
2	Wthtwo selected conditions	With two selected conditions
1	WthWageSalInc	With wage or salary income
12	Without SSIorpublic assistance Incin 1999	Without SSI or public assistance income in 1999
12	Without Social Security Incin 1999:	Without Social Security income in 1999:
12	Without public assistance Incin 1999	Without public assistance income in 1999
3	Wood	Wood
14	WrkdAtHome	Worked at home
2	Wrkdfull-time year round in 1999	Worked full-time, year round in 1999
24	Wrkdfull-time year-round in 1999:	Worked full-time, year-round in 1999:
22	Wrkd1999:	Worked in 1999:
2	WrkdMSA/PMSAres:	Worked in MSA/PMSA of residence:
2	WrkdDiffMSA/PMSA:	Worked in a different MSA/PMSA:
1	WrkdMSA/PMSA:	Worked in an MSA/PMSA:
1	WrkdCntyRes	Worked in county of residence
1	WrkdMinCivDivRes	Worked in minor civil division of residence
1	WrkdPlaceRes	Worked in place of residence
1	WrkdStRes:	Worked in state of residence:
2	WrkdLtfull-time year-round in 1999:	Worked less than full-time, year-round in 1999:
2	WrkdOutMSA/PMSAres:	Worked outside MSA/PMSA of residence:
3	WrkdOutAnyMSA/PMSA	Worked outside any MSA/PMSA
1	WrkdOutCntyRes	Worked outside county of residence
1	WrkdOutMinCivDivRes	Worked outside minor civil division of residence
1	WrkdOutPlaceRes	Worked outside place of residence
1	WrkdOutStRes	Worked outside state of residence
13	Workers 16y and over	Workers 16 years and over
2	Workers 16y and over who did not work at home	Workers 16 years and over who did not work at home
1	WWIInoKorWarNoViet	World War II, no Korean War, no Vietnam era
11	YearEntry1980to1989:	Year of entry 1980 to 1989:
11	YearEntry1990toMar2000:	Year of entry 1990 to March 2000:
11	YearEntryBef1980:	Year of entry before 1980:
2	Yiddish	Yiddish
1	Yugoslavia	Yugoslavia
3	Yugoslavian	Yugoslavian
3	Zairian	Zairian
3	Zimbabwean	Zimbabwean
10	cn5population	cn5population
1	cn5populationwhom poverty status is determined	cn5population for whom poverty status is determined
1	cn5Popwith Disab	cn5population with disabilities
2	cnPop16to64y	cnpopulation 16 to 64 years
2	cnPop16y and over	cnpopulation 16 years and over
1	cnPop18to34y	cnpopulation 18 to 34 years
