2	$1 to $2,499 or loss
2	$10,000 to $12,499
10	$10,000 to $14,999
2	$100,000 or more
10	$100,000 to $124,999
2	$12,500 to $14,999
10	$125,000 to $149,999
2	$15,000 to $17,499
10	$15,000 to $19,999
10	$150,000 to $199,999
2	$17,500 to $19,999
2	$2,500 to $4,999
2	$20,000 to $22,499
10	$20,000 to $24,999
13	$200,000 or more
2	$22,500 to $24,999
12	$25,000 to $29,999
12	$30,000 to $34,999
12	$35,000 to $39,999
12	$40,000 to $44,999
12	$45,000 to $49,999
2	$5,000 to $7,499
2	$50,000 to $54,999
10	$50,000 to $59,999
2	$55,000 to $64,999
10	$60,000 to $74,999
2	$65,000 to $74,999
2	$7,500 to $9,999
12	$75,000 to $99,999
6	1 to 13 weeks
3	1 worker
2	1 year
1	1-person household
1	1-person household:
1	1.00 to 1.24
1	1.25 to 1.49
1	1.50 and over:
1	1.50 to 1.74
1	1.75 to 1.84
1	1.85 to 1.99
1	10 to 14 minutes
1	10 to less than 25 percent of total earnings for individual imputed
3	10 to less than 25 percent of total income for family imputed
1	10 to less than 25 percent of total income for household imputed
3	10 to less than 25 percent of total income for individual imputed
1	10 to less than 25 percent of total income for nonfamily household imputed
2	10 years
1	100 percent of total earnings for individual imputed
3	100 percent of total income for family imputed
1	100 percent of total income for household imputed
3	100 percent of total income for individual imputed
1	100 percent of total income for nonfamily household imputed
1	10:00 a.m. to 10:59 a.m.
2	10th grade
2	11 years
1	11:00 a.m. to 11:59 a.m.
2	11th grade
3	12 and 13 years
2	12 to 17 years
2	12 years
1	12:00 a.m. to 4:59 a.m.
1	12:00 p.m. to 3:59 p.m.
2	12th grade, no diploma
2	13 years
6	14 to 26 weeks
5	14 years
3	15 to 17 years
1	15 to 19 minutes
2	15 years
2	16 to 20 years:
2	16 years
2	17 years
2	18 to 64 years
3	18 to 64 years:
2	18 years
2	19 years
1	1965 to 1969
1	1970 to 1974
1	1975 to 1979
1	1980 to 1984
1	1985 to 1989
1	1990 to 1994
1	1995 to March 2000
2	2 workers
1	2 workers:
2	2 years
1	2-or-more-person household:
2	2-person household
1	2.00 and over
1	20 to 24 minutes
2	20 years
2	21 to 64 years:
2	21 years
2	22 to 24 years
1	25 to 29 minutes
2	25 to 29 years
1	25 to less than 50 percent of total earnings for individual imputed
3	25 to less than 50 percent of total income for family imputed
1	25 to less than 50 percent of total income for household imputed
3	25 to less than 50 percent of total income for individual imputed
1	25 to less than 50 percent of total income for nonfamily household imputed
6	27 to 39 weeks
3	3 and 4 years
2	3 or more workers
1	3 or more workers:
2	3 years
2	3-person household
1	30 to 34 minutes
2	30 to 34 years
2	30 to 44 minutes:
1	35 to 39 minutes
2	35 to 39 years
2	4 years
2	4-person household
1	40 to 44 minutes
2	40 to 44 years
6	40 to 47 weeks
2	45 to 49 years
1	45 to 59 minutes
2	45 to 59 minutes:
6	48 and 49 weeks
1	4:00 p.m. to 11:59 p.m.
2	5 to 15 years:
6	5 to 17 years only
1	5 to 17 years:
1	5 to 9 minutes
7	5 years
2	5-person household
1	50 to .74
6	50 to 52 weeks
2	50 to 54 years
1	50 to less than 100 percent of total earnings for individual imputed
3	50 to less than 100 percent of total income for family imputed
1	50 to less than 100 percent of total income for household imputed
3	50 to less than 100 percent of total income for individual imputed
1	50 to less than 100 percent of total income for nonfamily household imputed
2	55 to 59 years
1	5:00 a.m. to 5:29 a.m.
1	5:30 a.m. to 5:59 a.m.
2	5th and 6th grade
5	6 to 11 years
6	6 to 17 years only
1	6 to 17 years only:
1	6 to 17 years:
2	6 years
2	6-person household
2	60 and 61 years
2	60 or more minutes:
1	60 to 89 minutes
2	62 to 64 years
2	65 and 66 years
2	65 to 74 years
4	65 to 74 years:
3	65 years and over:
2	67 to 69 years
1	6:00 a.m. to 6:29 a.m.
1	6:30 a.m. to 6:59 a.m.
2	7 years
2	7-or-more-person household
2	70 to 74 years
1	75 to .99
2	75 to 79 years
2	75 years and over
4	75 years and over:
1	7:00 a.m. to 7:29 a.m.
1	7:30 a.m. to 7:59 a.m.
2	7th and 8th grade
2	8 years
2	80 to 84 years
2	85 years and over
1	8:00 a.m. to 8:29 a.m.
1	8:30 a.m. to 8:59 a.m.
2	9 years
1	90 or more minutes
1	9:00 a.m. to 9:59 a.m.
2	9th grade
2	Accommodation and food services
2	Administrative and support and waste management services
1	Adopted
1	Aggregate Income in 1999
1	Aggregate Social Security income in 1999
1	Aggregate Supplemental Security Income in 1999
1	Aggregate earnings in 1999
1	Aggregate earnings in 1999:
1	Aggregate family income in 1999:
2	Aggregate household income in 1999:
1	Aggregate income deficit in 1999:
1	Aggregate interest, dividends, or net rental income in 1999
1	Aggregate nonfamily household income in 1999:
1	Aggregate other types of income in 1999
1	Aggregate public assistance income in 1999
1	Aggregate retirement income in 1999
1	Aggregate self-employment income in 1999
1	Aggregate travel time to work (in minutes):
1	Aggregate wage or salary income in 1999
2	Agriculture, forestry, fishing and hunting
4	Agriculture, forestry, fishing and hunting, and mining:
2	Agriculture, forestry, fishing and hunting:
2	Aircraft and traffic control occupations
2	All geographic parts imputed
2	All industries except agriculture, forestry, fishing and hunting, and mining:
3	American Indian and Alaska Native alone
2	Architects, surveyors, cartographers, and engineers
2	Architecture and engineering occupations:
2	Arts, design, entertainment, sports, and media occupations
2	Arts, entertainment, and recreation
2	Arts, entertainment, recreation, accommodation and food services:
3	Asian alone
1	Asian and Pacific Island languages:
2	Associate degree
1	August 1990 or later (including Persian Gulf War):
2	Bachelor's degree
1	Before 1965
1	Bicycle
3	Black or African American alone
1	Born abroad of American parent(s)
1	Born in other state in the United States:
1	Born in state of residence
1	Born outside the United States:
2	Both parents in labor force
1	Brother or sister
2	Building and grounds cleaning and maintenance occupations
1	Bus or trolley bus
2	Business and financial operations occupations:
2	Business operations specialists
3	Car, truck, or van:
1	Carpooled
1	Carpooled:
11	Central city
1	Child:
7	Civilian:
2	Community and social services occupations
2	Computer and mathematical occupations
2	Construction
2	Construction and extraction occupations:
2	Construction trades workers
2	Construction, extraction, and maintenance occupations:
4	Did not work at home:
4	Did not work in 1999
2	Different MSA/PMSA in 1995:
1	Different county:
3	Different house in 1995:
1	Different house:
1	Different municipio
1	Different state:
2	Divorced
2	Doctorate degree
9	Dollar value of zero imputed
2	Drafters, engineering, and mapping technicians
2	Drove alone
2	Education, training, and library occupations
2	Educational services
2	Educational, health and social services:
2	Elsewhere in 1995
1	Elsewhere in 1995:
13	Employed
9	Employed or in Armed Forces
1	Employed or in Armed Forces:
6	Employee of private company
1	Employment disability
1	English
2	Enrolled in college, undergraduate years:
2	Enrolled in grade 1 to grade 4:
2	Enrolled in grade 5 to grade 8:
2	Enrolled in grade 9 to grade 12:
2	Enrolled in graduate or professional school:
2	Enrolled in kindergarten:
2	Enrolled in nursery school, preschool:
2	Enrolled in school:
2	Extraction workers
9	Family households:
1	Farm
2	Farmers and farm managers
2	Farming, fishing, and forestry occupations
2	Father only in labor force
1	February 1955 to July 1964 only
6	Federal government workers
4	Female
4	Female householder
9	Female householder, no husband present
12	Female householder, no husband present:
4	Female householder:
12	Female:
1	Ferryboat
2	Finance and insurance
2	Finance, insurance, real estate and rental and leasing:
2	Financial specialists
2	Fire fighting, prevention, and law enforcement workers, including supervisors
2	Food preparation and serving related occupations
1	Foreign born:
1	Foreign country or at sea
2	Go-outside-home disability
1	Grandchild
1	Grandparent not responsible for own grandchildren under 18 years
1	Grandparent responsible for own grandchildren under 18 years:
2	Health care and social assistance
2	Health diagnosing and treating practitioners and technical occupations
2	Health technologists and technicians
2	Healthcare practitioners and technical occupations:
2	Healthcare support occupations
2	High school graduate
2	High school graduate (includes equivalency)
1	High school graduate:
1	Hispanic or Latino:
2	Householder 15 to 24 years
1	Householder 15 to 64 years:
4	Householder 25 to 34 years
1	Householder 25 to 34 years:
10	Householder 25 to 44 years
4	Householder 35 to 44 years
1	Householder 35 to 44 years:
4	Householder 45 to 54 years
1	Householder 45 to 54 years:
10	Householder 45 to 64 years
4	Householder 55 to 64 years
1	Householder 55 to 64 years:
4	Householder 65 to 74 years
1	Householder 65 to 74 years:
10	Householder 65 years and over
1	Householder 65 years and over:
2	Householder 75 to 84 years
2	Householder 75 years and over
1	Householder 75 years and over:
2	Householder 85 years and over
2	Householder living alone
2	Householder not living alone
12	Householder under 25 years
1	Householder under 25 years:
2	Householder:
2	Husband and wife worked
1	Husband in labor force:
1	Husband not in labor force:
38	Imputed
3	Imputed:
1	In 2-person carpool
1	In 3-person carpool
1	In 4-person carpool
1	In 5- or 6-person carpool
1	In 7-or-more-person carpool
6	In Armed Forces
1	In Armed Forces:
3	In Puerto Rico in 1995:
3	In United States in 1995:
2	In an MSA/PMSA in 1995:
2	In family households:
2	In group quarters:
2	In households:
4	In labor force
8	In labor force:
6	In married-couple families
1	In married-couple families:
2	In nonfamily households:
7	In other families:
4	Income in 1999 at or above poverty level:
4	Income in 1999 below poverty level:
2	Information
1	Inside urban clusters
1	Inside urbanized areas
2	Installation, maintenance, and repair occupations
2	Institutionalized population
1	Korean War and World War II, no Vietnam era
1	Korean War, no Vietnam era, no World War II
1	Language status imputed
1	Language status not imputed
2	Legal occupations
10	Less than $10,000
3	Less than $200,000
2	Less than 30 minutes:
1	Less than 5 minutes
2	Life, physical, and social science occupations
4	Linguistically isolated
4	Living alone
1	Living in a central city:
1	Living in a place:
1	Living in an MSA/PMSA in 2000:
1	Living in an MSA/PMSA:
1	Living in remainder of an MSA/PMSA:
1	Living in the 12 selected states:
2	Living with father:
2	Living with mother:
2	Living with one parent:
2	Living with own grandchildren under 18 years:
2	Living with two parents:
6	Local government workers
4	Male
4	Male householder
9	Male householder, no wife present
12	Male householder, no wife present:
4	Male householder:
12	Male:
2	Management occupations, except farmers and farm managers
2	Management of companies and enterprises
2	Management, business, and financial operations occupations:
2	Management, professional, and related occupations:
2	Manufacturing
2	Married, spouse absent:
2	Married, spouse present
3	Married-couple family
11	Married-couple family:
2	Master's degree
2	Material moving workers
1	May 1975 to July 1990 only:
1	Median family income in 1999
1	Median household income in 1999
1	Median nonfamily household income in 1999
3	Mental disability
2	Midwest
2	Mining
2	Mining:
1	More than 0 to less than 10 percent of total earnings for individual imputed
3	More than 0 to less than 10 percent of total income for family imputed
1	More than 0 to less than 10 percent of total income for household imputed
3	More than 0 to less than 10 percent of total income for individual imputed
1	More than 0 to less than 10 percent of total income for nonfamily household imputed
2	Mother only in labor force
2	Motor vehicle operators
1	Motorcycle
3	Native Hawaiian and Other Pacific Islander alone
1	Native:
1	Natural-born
4	Naturalized citizen
2	Neither parent in labor force
2	Never married
1	No Social Security income
1	No Supplemental Security Income (SSI)
1	No Vietnam era service:
6	No disability
1	No disability items imputed
4	No disability:
1	No earnings
1	No earnings imputed
8	No income imputed
1	No interest, dividends, or net rental income
2	No items imputed
1	No other types of income
12	No own children under 18 years
1	No own children under 18 years:
1	No public assistance income
9	No related children under 18 years
1	No retirement income
2	No schooling completed
1	No self-employment income
1	No wage or salary income
3	No workers
9	Nonfamily households:
1	Nonfarm
2	Noninstitutionalized population
4	Nonrelatives
4	Nonveteran
2	Northeast
1	Not Hispanic or Latino:
4	Not a citizen
8	Not employed
2	Not enrolled in school
2	Not enrolled in school:
2	Not high school graduate
1	Not high school graduate:
41	Not imputed
4	Not in an MSA/PMSA in 1995
15	Not in labor force
4	Not linguistically isolated
4	Not living alone
1	Not living in a place
1	Not living in an MSA/PMSA in 2000:
1	Not living in an MSA/PMSA:
1	Not living in the 12 selected states
2	Not living with own grandchildren under 18 years
2	Now married:
2	Nursery to 4th grade
2	Office and administrative support occupations
2	One or more but not all geographic parts imputed
1	One or more disability items imputed
2	One or more items imputed
4	Other
1	Other Indo-European languages:
1	Other May 1975 to July 1990 service
14	Other family:
1	Other languages:
9	Other means
2	Other means (including those who worked at home)
2	Other protective service workers, including supervisors
2	Other relatives
1	Other service only
2	Other services (except public administration)
2	Parent
1	Per capita income in 1999
1	Percent of the population in sample
2	Personal care and service occupations
3	Physical disability
6	Private for-profit wage and salary workers:
6	Private not-for-profit wage and salary workers
14	Private school
2	Production occupations
2	Production, transportation, and material moving occupations:
2	Professional and related occupations:
2	Professional school degree
2	Professional, scientific, and technical services
2	Professional, scientific, management, administrative, and waste management services:
2	Protective service occupations:
2	Public administration
14	Public school
8	Public transportation
1	Public transportation:
1	Puerto Rico
2	Rail, water and other transportation occupations
1	Railroad
2	Real estate and rental and leasing
3	Remainder of MSA/PMSA
4	Remainder of different MSA/PMSA
4	Remainder of this MSA/PMSA
2	Retail trade
1	Rural:
2	Sales and office occupations:
2	Sales and related occupations
2	Same MSA/PMSA in 1995:
1	Same county
1	Same house
3	Same house in 1995
1	Same municipio
1	Same state
3	Self-care disability
6	Self-employed in own incorporated business
6	Self-employed workers in own not incorporated business
3	Sensory disability
2	Separated
1	September 1980 to July 1990 only:
2	Served 2 or more years
1	Served September 1980 or later only:
1	Served in Vietnam era
1	Served prior to September 1980
2	Served under 2 years
2	Service occupations:
2	Some college, 1 or more years, no degree
2	Some college, less than 1 year
3	Some other race alone
2	South
1	Spanish:
3	Speak Asian and Pacific Island languages:
12	Speak English "not at all"
12	Speak English "not well"
12	Speak English "very well"
12	Speak English "well"
3	Speak Spanish:
5	Speak only English
3	Speak other Indo-European languages:
5	Speak other languages:
2	Spouse
6	State government workers
1	Step
1	Streetcar or trolley car (público in Puerto Rico)
1	Subway or elevated
2	Supervisors, construction and extraction workers
2	Supervisors, transportation and material moving workers
1	Taxicab
2	Total
1	Total disabilities tallied for people 16 to 64 years:
1	Total disabilities tallied for people 5 to 15 years:
1	Total disabilities tallied for people 65 years and over:
1	Total disabilities tallied:
109	Total:
2	Transportation and material moving occupations:
2	Transportation and warehousing
2	Transportation and warehousing, and utilities:
3	Two or more races
2	U.S. Island Areas
1	Under .50
2	Under 1 year
1	Under 1.50:
3	Under 3 years
2	Under 5 years
6	Under 5 years and 5 to 17 years
6	Under 5 years only
6	Under 6 years and 6 to 17 years
1	Under 6 years and 6 to 17 years:
6	Under 6 years only
1	Under 6 years only:
1	Under 6 years:
2	Under 65 years:
14	Unemployed
1	Unemployed:
6	Unpaid family workers
6	Unrelated individuals
1	Urban:
2	Usually worked 1 to 14 hours per week:
2	Usually worked 15 to 34 hours per week:
2	Usually worked 35 or more hours per week:
2	Utilities
4	Veteran
1	Vietnam era and Korean War, no World War II, no August 1990 or later
1	Vietnam era, Korean War, and World War II, no August 1990 or later
1	Vietnam era, no Korean War, no World War II, no August 1990 or later
1	Walked
2	West
3	White alone
2	Wholesale trade
2	Widowed
3	Wife in labor force:
3	Wife not in labor force
1	With Social Security income
1	With Supplemental Security Income (SSI)
6	With a disability
4	With a disability:
1	With earnings
1	With interest, dividends, or net rental income
1	With other types of income
9	With own children under 18 years
4	With own children under 18 years:
1	With public assistance income
9	With related children under 18 years:
1	With retirement income
1	With self-employment income
1	With wage or salary income
5	Worked at home
4	Worked in 1999:
2	Worked in MSA/PMSA of residence:
2	Worked in a different MSA/PMSA:
1	Worked in an MSA/PMSA:
1	Worked in county of residence
1	Worked in minor civil division of residence
1	Worked in place of residence
1	Worked in state of residence:
2	Worked outside MSA/PMSA of residence:
3	Worked outside any MSA/PMSA
1	Worked outside county of residence
1	Worked outside minor civil division of residence
1	Worked outside place of residence
1	Worked outside state of residence
1	World War II, no Korean War, no Vietnam era
1	Year of entry 1980 to 1989:
1	Year of entry 1990 to March 2000:
1	Year of entry before 1980:
